phi0,omega,M,Q,R_eff,C_eff
0,1,0,0,,0
0.001,0.99958,0.06471,0.06472,152.23964,0.00043
0.002,0.999,0.0911,0.09114,107.63511,0.00085
0.003,0.99841,0.11089,0.11096,87.80046,0.00126
0.004,0.9978,0.12727,0.12738,75.96581,0.00168
0.005,0.99719,0.14143,0.14158,67.88223,0.00208
0.006,0.99657,0.15399,0.15419,61.90992,0.00249
0.007,0.99596,0.16533,0.16558,57.26455,0.00289
0.008,0.99534,0.17569,0.17599,53.51682,0.00328
0.009,0.99473,0.18523,0.1856,50.40994,0.00367
0.01,0.99412,0.19409,0.19451,47.77972,0.00406
0.011,0.99351,0.20236,0.20284,45.51487,0.00445
0.012,0.9929,0.21012,0.21066,43.5381,0.00483
0.013,0.99229,0.21742,0.21801,41.79291,0.0052
0.014,0.99169,0.22431,0.22497,40.23698,0.00557
0.015,0.99109,0.23083,0.23155,38.83815,0.00594
0.016,0.99049,0.23702,0.2378,37.57198,0.00631
0.017,0.98989,0.2429,0.24375,36.41865,0.00667
0.018,0.9893,0.24851,0.24942,35.36184,0.00703
0.019,0.98871,0.25385,0.25483,34.38913,0.00738
0.02,0.98813,0.25896,0.26001,33.48961,0.00773
0.021,0.98754,0.26385,0.26496,32.65471,0.00808
0.022,0.98696,0.26853,0.2697,31.87704,0.00842
0.023,0.98638,0.27301,0.27426,31.15017,0.00876
0.024,0.98581,0.27732,0.27863,30.46866,0.0091
0.025,0.98523,0.28145,0.28283,29.82836,0.00944
0.026,0.98467,0.28542,0.28686,29.22474,0.00977
0.027,0.9841,0.28925,0.29075,28.65515,0.01009
0.028,0.98353,0.29292,0.29449,28.11576,0.01042
0.029,0.98297,0.29646,0.2981,27.60435,0.01074
0.03,0.98242,0.29987,0.30157,27.11836,0.01106
0.031,0.98186,0.30316,0.30492,26.65602,0.01137
0.032,0.98131,0.30633,0.30816,26.21507,0.01169
0.033,0.98076,0.30939,0.31128,25.79426,0.01199
0.034,0.98021,0.31234,0.3143,25.39217,0.0123
0.035,0.97967,0.31519,0.31721,25.00724,0.0126
0.036,0.97913,0.31794,0.32002,24.63782,0.0129
0.037,0.97859,0.3206,0.32274,24.28406,0.0132
0.038,0.97806,0.32317,0.32537,23.94387,0.0135
0.039,0.97752,0.32566,0.32791,23.61663,0.01379
0.04,0.977,0.32806,0.33037,23.3017,0.01408
0.041,0.97647,0.33038,0.33275,22.99835,0.01437
0.042,0.97594,0.33262,0.33506,22.70578,0.01465
0.043,0.97542,0.33479,0.33728,22.42316,0.01493
0.044,0.9749,0.33689,0.33944,22.15025,0.01521
0.045,0.97439,0.33893,0.34153,21.88658,0.01549
0.046,0.97387,0.34089,0.34355,21.63121,0.01576
0.047,0.97336,0.3428,0.34551,21.38402,0.01603
0.048,0.97285,0.34464,0.34741,21.14478,0.0163
0.049,0.97235,0.34642,0.34924,20.91258,0.01657
0.05,0.97184,0.34815,0.35102,20.68721,0.01683
0.051,0.97134,0.34982,0.35274,20.46845,0.01709
0.052,0.97084,0.35144,0.35441,20.25605,0.01735
0.053,0.97035,0.353,0.35603,20.04973,0.01761
0.054,0.96985,0.35452,0.35759,19.8492,0.01786
0.055,0.96936,0.35599,0.35911,19.65414,0.01811
0.056,0.96887,0.35741,0.36057,19.46425,0.01836
0.057,0.96839,0.35878,0.36199,19.27917,0.01861
0.058,0.9679,0.36011,0.36337,19.09857,0.01886
0.059,0.96742,0.3614,0.3647,18.92317,0.0191
0.06,0.96694,0.36264,0.36599,18.75193,0.01934
0.061,0.96646,0.36385,0.36724,18.58436,0.01958
0.062,0.96599,0.36502,0.36845,18.42173,0.01981
0.063,0.96551,0.36615,0.36962,18.2621,0.02005
0.064,0.96504,0.36724,0.37076,18.10697,0.02028
0.065,0.96457,0.3683,0.37185,17.95452,0.02051
0.066,0.96411,0.36932,0.37291,17.80652,0.02074
0.067,0.96364,0.37031,0.37394,17.66111,0.02097
0.068,0.96318,0.37126,0.37493,17.51911,0.02119
0.069,0.96272,0.37218,0.37589,17.3804,0.02141
0.07,0.96226,0.37307,0.37682,17.24422,0.02163
0.071,0.96181,0.37394,0.37772,17.11096,0.02185
0.072,0.96135,0.37477,0.37859,16.98094,0.02207
0.073,0.9609,0.37557,0.37942,16.85332,0.02228
0.074,0.96045,0.37635,0.38023,16.72808,0.0225
0.075,0.96,0.3771,0.38101,16.6052,0.02271
0.076,0.95955,0.37782,0.38177,16.48505,0.02292
0.077,0.95911,0.37851,0.38249,16.36741,0.02313
0.078,0.95867,0.37918,0.38319,16.25193,0.02333
0.079,0.95823,0.37983,0.38387,16.13858,0.02354
0.08,0.95779,0.38045,0.38452,16.02731,0.02374
0.081,0.95735,0.38105,0.38515,15.91808,0.02394
0.082,0.95692,0.38163,0.38575,15.81083,0.02414
0.083,0.95648,0.38219,0.38633,15.70553,0.02433
0.084,0.95605,0.38272,0.38689,15.6021,0.02453
0.085,0.95562,0.38323,0.38743,15.50049,0.02472
0.086,0.95519,0.38372,0.38794,15.40065,0.02492
0.087,0.95477,0.38419,0.38844,15.30251,0.02511
0.088,0.95434,0.38465,0.38891,15.20601,0.0253
0.089,0.95392,0.38508,0.38937,15.11109,0.02548
0.09,0.9535,0.38549,0.3898,15.01767,0.02567
0.091,0.95308,0.38589,0.39022,14.92569,0.02585
0.092,0.95266,0.38627,0.39062,14.83565,0.02604
0.093,0.95225,0.38663,0.391,14.74712,0.02622
0.094,0.95183,0.38698,0.39136,14.65989,0.0264
0.095,0.95142,0.3873,0.3917,14.5739,0.02658
0.096,0.95101,0.38762,0.39203,14.48906,0.02675
0.097,0.9506,0.38791,0.39235,14.40532,0.02693
0.098,0.95019,0.38819,0.39264,14.32366,0.0271
0.099,0.94978,0.38846,0.39292,14.24306,0.02727
0.1,0.94938,0.38871,0.39319,14.16339,0.02744
0.101,0.94898,0.38895,0.39344,14.08458,0.02762
0.102,0.94857,0.38917,0.39367,14.00749,0.02778
0.103,0.94817,0.38938,0.3939,13.93162,0.02795
0.104,0.94777,0.38958,0.3941,13.85644,0.02812
0.105,0.94738,0.38976,0.3943,13.78197,0.02828
0.106,0.94698,0.38993,0.39448,13.70959,0.02844
0.107,0.94659,0.39009,0.39465,13.63772,0.0286
0.108,0.94619,0.39024,0.3948,13.56629,0.02877
0.109,0.9458,0.39037,0.39494,13.4968,0.02892
0.11,0.94541,0.39049,0.39507,13.4279,0.02908
0.111,0.94502,0.3906,0.39519,13.35928,0.02924
0.112,0.94463,0.3907,0.3953,13.29269,0.02939
0.113,0.94425,0.39079,0.39539,13.22642,0.02955
0.114,0.94386,0.39087,0.39547,13.16062,0.0297
0.115,0.94348,0.39094,0.39555,13.09663,0.02985
0.116,0.94309,0.391,0.39561,13.03263,0.03
0.117,0.94271,0.39105,0.39566,12.9699,0.03015
0.118,0.94233,0.39108,0.3957,12.90797,0.0303
0.119,0.94195,0.39111,0.39573,12.84618,0.03045
0.12,0.94158,0.39113,0.39575,12.78624,0.03059
0.121,0.9412,0.39114,0.39576,12.72601,0.03074
0.122,0.94083,0.39115,0.39576,12.66738,0.03088
0.123,0.94045,0.39114,0.39576,12.60892,0.03102
0.124,0.94008,0.39112,0.39574,12.55133,0.03116
0.125,0.93971,0.3911,0.39571,12.49455,0.0313
0.126,0.93934,0.39107,0.39568,12.43804,0.03144
0.127,0.93897,0.39103,0.39564,12.38282,0.03158
0.128,0.9386,0.39098,0.39559,12.32744,0.03172
0.129,0.93823,0.39092,0.39553,12.27367,0.03185
0.13,0.93787,0.39086,0.39546,12.21944,0.03199
0.131,0.9375,0.39079,0.39539,12.16702,0.03212
0.132,0.93714,0.39071,0.3953,12.11396,0.03225
0.133,0.93678,0.39063,0.39521,12.06277,0.03238
0.134,0.93642,0.39054,0.39512,12.01092,0.03252
0.135,0.93606,0.39044,0.39501,11.96084,0.03264
0.136,0.9357,0.39034,0.3949,11.91022,0.03277
0.137,0.93534,0.39023,0.39478,11.86114,0.0329
0.138,0.93498,0.39011,0.39466,11.81176,0.03303
0.139,0.93462,0.38999,0.39452,11.76356,0.03315
0.14,0.93427,0.38986,0.39439,11.71545,0.03328
0.141,0.93392,0.38972,0.39424,11.66801,0.0334
0.142,0.93356,0.38958,0.39409,11.62118,0.03352
0.143,0.93321,0.38944,0.39393,11.57439,0.03365
0.144,0.93286,0.38928,0.39377,11.52883,0.03377
0.145,0.93251,0.38913,0.3936,11.48257,0.03389
0.146,0.93216,0.38896,0.39343,11.43831,0.03401
0.147,0.93181,0.3888,0.39325,11.39333,0.03412
0.148,0.93146,0.38862,0.39306,11.34949,0.03424
0.149,0.93112,0.38845,0.39287,11.30584,0.03436
0.15,0.93077,0.38826,0.39267,11.26227,0.03447
0.151,0.93043,0.38808,0.39247,11.21994,0.03459
0.152,0.93008,0.38789,0.39227,11.17696,0.0347
0.153,0.92974,0.38769,0.39206,11.13553,0.03482
0.154,0.9294,0.38749,0.39184,11.09389,0.03493
0.155,0.92906,0.38728,0.39162,11.05248,0.03504
0.156,0.92872,0.38707,0.39139,11.01219,0.03515
0.157,0.92838,0.38686,0.39116,10.97129,0.03526
0.158,0.92804,0.38664,0.39093,10.93172,0.03537
0.159,0.9277,0.38642,0.39069,10.89219,0.03548
0.16,0.92736,0.3862,0.39045,10.85237,0.03559
0.161,0.92703,0.38597,0.3902,10.81419,0.03569
0.162,0.92669,0.38574,0.38995,10.77546,0.0358
0.163,0.92636,0.3855,0.38969,10.73718,0.0359
0.164,0.92602,0.38526,0.38943,10.69981,0.03601
0.165,0.92569,0.38502,0.38917,10.66191,0.03611
0.166,0.92536,0.38477,0.3889,10.62503,0.03621
0.167,0.92503,0.38452,0.38863,10.5885,0.03632
0.168,0.9247,0.38427,0.38836,10.55147,0.03642
0.169,0.92437,0.38401,0.38808,10.51581,0.03652
0.17,0.92404,0.38375,0.3878,10.48016,0.03662
0.171,0.92371,0.38349,0.38752,10.44402,0.03672
0.172,0.92338,0.38323,0.38723,10.40942,0.03682
0.173,0.92305,0.38296,0.38694,10.37467,0.03691
0.174,0.92273,0.38269,0.38664,10.33945,0.03701
0.175,0.9224,0.38241,0.38635,10.30576,0.03711
0.176,0.92207,0.38214,0.38605,10.27192,0.0372
0.177,0.92175,0.38186,0.38574,10.23764,0.0373
0.178,0.92143,0.38158,0.38544,10.2047,0.03739
0.179,0.9211,0.38129,0.38513,10.1718,0.03749
0.18,0.92078,0.38101,0.38482,10.13847,0.03758
0.181,0.92046,0.38072,0.3845,10.10611,0.03767
0.182,0.92014,0.38042,0.38419,10.07416,0.03776
0.183,0.91982,0.38013,0.38387,10.0418,0.03785
0.184,0.9195,0.37984,0.38354,10.00986,0.03795
0.185,0.91918,0.37954,0.38322,9.97887,0.03803
0.186,0.91886,0.37924,0.38289,9.94749,0.03812
0.187,0.91854,0.37893,0.38256,9.91583,0.03822
0.188,0.91822,0.37863,0.38223,9.8858,0.0383
0.189,0.91791,0.37832,0.3819,9.85541,0.03839
0.19,0.91759,0.37802,0.38156,9.82465,0.03848
0.191,0.91727,0.37771,0.38122,9.79481,0.03856
0.192,0.91696,0.37739,0.38088,9.76541,0.03865
0.193,0.91664,0.37708,0.38054,9.73566,0.03873
0.194,0.91633,0.37677,0.38019,9.70575,0.03882
0.195,0.91602,0.37645,0.37985,9.67734,0.0389
0.196,0.9157,0.37613,0.3795,9.6486,0.03898
0.197,0.91539,0.37581,0.37915,9.61952,0.03907
0.198,0.91508,0.37549,0.3788,9.59105,0.03915
0.199,0.91477,0.37516,0.37844,9.56332,0.03923
0.2,0.91446,0.37484,0.37809,9.53526,0.03931
0.201,0.91415,0.37451,0.37773,9.50688,0.03939
0.202,0.91384,0.37418,0.37737,9.47967,0.03947
0.203,0.91353,0.37386,0.37701,9.45263,0.03955
0.204,0.91322,0.37352,0.37665,9.4253,0.03963
0.205,0.91291,0.37319,0.37628,9.39765,0.03971
0.206,0.9126,0.37286,0.37592,9.37147,0.03979
0.207,0.9123,0.37253,0.37555,9.34517,0.03986
0.208,0.91199,0.37219,0.37518,9.31857,0.03994
0.209,0.91168,0.37185,0.37481,9.29167,0.04002
0.21,0.91138,0.37152,0.37444,9.26634,0.04009
0.211,0.91107,0.37118,0.37407,9.24078,0.04017
0.212,0.91077,0.37084,0.37369,9.21494,0.04024
0.213,0.91046,0.3705,0.37332,9.18882,0.04032
0.214,0.91016,0.37015,0.37294,9.16413,0.04039
0.215,0.90985,0.36981,0.37256,9.13933,0.04046
0.216,0.90955,0.36947,0.37219,9.11427,0.04054
0.217,0.90925,0.36912,0.37181,9.08894,0.04061
0.218,0.90894,0.36878,0.37142,9.06469,0.04068
0.219,0.90864,0.36843,0.37104,9.04067,0.04075
0.22,0.90834,0.36808,0.37066,9.0164,0.04082
0.221,0.90804,0.36773,0.37028,8.99187,0.0409
0.222,0.90774,0.36738,0.36989,8.96786,0.04097
0.223,0.90744,0.36703,0.3695,8.94463,0.04103
0.224,0.90714,0.36668,0.36912,8.92116,0.0411
0.225,0.90684,0.36633,0.36873,8.89744,0.04117
0.226,0.90654,0.36598,0.36834,8.87349,0.04124
0.227,0.90624,0.36563,0.36795,8.85104,0.04131
0.228,0.90594,0.36527,0.36756,8.82838,0.04138
0.229,0.90564,0.36492,0.36717,8.80549,0.04144
0.23,0.90534,0.36457,0.36678,8.78237,0.04151
0.231,0.90505,0.36421,0.36639,8.75975,0.04158
0.232,0.90475,0.36386,0.36599,8.73789,0.04164
0.233,0.90445,0.3635,0.3656,8.71583,0.04171
0.234,0.90415,0.36314,0.3652,8.69354,0.04177
0.235,0.90386,0.36279,0.36481,8.67104,0.04184
0.236,0.90356,0.36243,0.36441,8.64952,0.0419
0.237,0.90327,0.36207,0.36401,8.62828,0.04196
0.238,0.90297,0.36171,0.36362,8.60683,0.04203
0.239,0.90268,0.36135,0.36322,8.58518,0.04209
0.24,0.90238,0.361,0.36282,8.56332,0.04216
0.241,0.90209,0.36064,0.36242,8.54267,0.04222
0.242,0.90179,0.36028,0.36202,8.52205,0.04228
0.243,0.9015,0.35992,0.36162,8.50125,0.04234
0.244,0.9012,0.35956,0.36122,8.48024,0.0424
0.245,0.90091,0.3592,0.36082,8.45904,0.04246
0.246,0.90062,0.35883,0.36042,8.43902,0.04252
0.247,0.90033,0.35847,0.36002,8.41905,0.04258
0.248,0.90003,0.35811,0.35962,8.39891,0.04264
0.249,0.89974,0.35775,0.35921,8.37857,0.0427
0.25,0.89945,0.35739,0.35881,8.35805,0.04276
0.251,0.89916,0.35703,0.35841,8.33841,0.04282
0.252,0.89887,0.35666,0.358,8.31911,0.04287
0.253,0.89857,0.3563,0.3576,8.29963,0.04293
0.254,0.89828,0.35594,0.3572,8.27998,0.04299
0.255,0.89799,0.35558,0.35679,8.26015,0.04305
0.256,0.8977,0.35521,0.35639,8.24067,0.04311
0.257,0.89741,0.35485,0.35598,8.22204,0.04316
0.258,0.89712,0.35449,0.35558,8.20324,0.04321
0.259,0.89683,0.35413,0.35517,8.18428,0.04327
0.26,0.89654,0.35376,0.35477,8.16515,0.04333
0.261,0.89625,0.3534,0.35436,8.14585,0.04338
0.262,0.89596,0.35304,0.35396,8.12765,0.04344
0.263,0.89567,0.35267,0.35355,8.10954,0.04349
0.264,0.89539,0.35231,0.35315,8.09128,0.04354
0.265,0.8951,0.35195,0.35274,8.07285,0.0436
0.266,0.89481,0.35159,0.35233,8.05427,0.04365
0.267,0.89452,0.35122,0.35193,8.03575,0.04371
0.268,0.89423,0.35086,0.35152,8.01833,0.04376
0.269,0.89394,0.3505,0.35111,8.00077,0.04381
0.27,0.89366,0.35013,0.35071,7.98306,0.04386
0.271,0.89337,0.34977,0.3503,7.9652,0.04391
0.272,0.89308,0.34941,0.34989,7.94719,0.04397
0.273,0.8928,0.34905,0.34949,7.92941,0.04402
0.274,0.89251,0.34868,0.34908,7.91255,0.04407
0.275,0.89222,0.34832,0.34867,7.89555,0.04412
0.276,0.89193,0.34796,0.34827,7.87842,0.04417
0.277,0.89165,0.3476,0.34786,7.86114,0.04422
0.278,0.89136,0.34724,0.34746,7.84371,0.04427
0.279,0.89108,0.34687,0.34705,7.82641,0.04432
0.28,0.89079,0.34651,0.34664,7.81013,0.04437
0.281,0.8905,0.34615,0.34624,7.79371,0.04441
0.282,0.89022,0.34579,0.34583,7.77716,0.04446
0.283,0.88993,0.34543,0.34542,7.76047,0.04451
0.284,0.88965,0.34507,0.34502,7.74365,0.04456
0.285,0.88936,0.34471,0.34461,7.72669,0.04461
0.286,0.88908,0.34435,0.34421,7.71086,0.04466
0.287,0.88879,0.34399,0.3438,7.69503,0.0447
0.288,0.88851,0.34363,0.3434,7.67908,0.04475
0.289,0.88822,0.34327,0.34299,7.663,0.0448
0.29,0.88794,0.34291,0.34259,7.64679,0.04484
0.291,0.88765,0.34255,0.34218,7.63046,0.04489
0.292,0.88737,0.34219,0.34178,7.61455,0.04494
0.293,0.88708,0.34183,0.34137,7.59932,0.04498
0.294,0.8868,0.34148,0.34097,7.58397,0.04503
0.295,0.88652,0.34112,0.34056,7.56851,0.04507
0.296,0.88623,0.34076,0.34016,7.55292,0.04512
0.297,0.88595,0.3404,0.33976,7.53722,0.04516
0.298,0.88566,0.34005,0.33935,7.52139,0.04521
0.299,0.88538,0.33969,0.33895,7.50634,0.04525
0.3,0.8851,0.33933,0.33855,7.49161,0.0453
0.301,0.88481,0.33898,0.33814,7.47676,0.04534
0.302,0.88453,0.33862,0.33774,7.46181,0.04538
0.303,0.88425,0.33827,0.33734,7.44674,0.04542
0.304,0.88396,0.33791,0.33694,7.43155,0.04547
0.305,0.88368,0.33756,0.33653,7.41626,0.04552
0.306,0.8834,0.3372,0.33613,7.40177,0.04556
0.307,0.88311,0.33685,0.33573,7.38755,0.0456
0.308,0.88283,0.3365,0.33533,7.37322,0.04564
0.309,0.88255,0.33614,0.33493,7.35878,0.04568
0.31,0.88226,0.33579,0.33453,7.34424,0.04572
0.311,0.88198,0.33544,0.33413,7.3296,0.04576
0.312,0.8817,0.33509,0.33373,7.31484,0.04581
0.313,0.88141,0.33473,0.33333,7.30062,0.04585
0.314,0.88113,0.33438,0.33293,7.28692,0.04589
0.315,0.88085,0.33403,0.33253,7.27312,0.04593
0.316,0.88057,0.33368,0.33214,7.25922,0.04597
0.317,0.88028,0.33333,0.33174,7.24522,0.04601
0.318,0.88,0.33298,0.33134,7.23112,0.04605
0.319,0.87972,0.33263,0.33094,7.21692,0.04609
0.32,0.87944,0.33229,0.33055,7.20266,0.04613
0.321,0.87915,0.33194,0.33015,7.1895,0.04617
0.322,0.87887,0.33159,0.32975,7.17623,0.04621
0.323,0.87859,0.33124,0.32936,7.16288,0.04624
0.324,0.8783,0.3309,0.32896,7.14944,0.04628
0.325,0.87802,0.33055,0.32857,7.13589,0.04632
0.326,0.87774,0.3302,0.32817,7.12226,0.04636
0.327,0.87746,0.32986,0.32778,7.10853,0.0464
0.328,0.87718,0.32951,0.32739,7.09505,0.04644
0.329,0.87689,0.32917,0.32699,7.08233,0.04648
0.33,0.87661,0.32883,0.3266,7.06953,0.04651
0.331,0.87633,0.32848,0.32621,7.05664,0.04655
0.332,0.87605,0.32814,0.32582,7.04367,0.04659
0.333,0.87576,0.3278,0.32542,7.0306,0.04662
0.334,0.87548,0.32745,0.32503,7.01744,0.04666
0.335,0.8752,0.32711,0.32464,7.0042,0.0467
0.336,0.87492,0.32677,0.32425,6.99117,0.04674
0.337,0.87463,0.32643,0.32386,6.97892,0.04677
0.338,0.87435,0.32609,0.32347,6.96659,0.04681
0.339,0.87407,0.32575,0.32308,6.95418,0.04684
0.34,0.87379,0.32541,0.3227,6.94169,0.04688
0.341,0.8735,0.32507,0.32231,6.92911,0.04691
0.342,0.87322,0.32474,0.32192,6.91645,0.04695
0.343,0.87294,0.3244,0.32153,6.9037,0.04699
0.344,0.87266,0.32406,0.32115,6.89087,0.04703
0.345,0.87237,0.32373,0.32076,6.87902,0.04706
0.346,0.87209,0.32339,0.32037,6.86718,0.04709
0.347,0.87181,0.32305,0.31999,6.85525,0.04713
0.348,0.87153,0.32272,0.3196,6.84326,0.04716
0.349,0.87124,0.32238,0.31922,6.83118,0.04719
0.35,0.87096,0.32205,0.31884,6.81902,0.04723
0.351,0.87068,0.32172,0.31845,6.80679,0.04726
0.352,0.87039,0.32139,0.31807,6.79447,0.0473
0.353,0.87011,0.32105,0.31769,6.78239,0.04734
0.354,0.86983,0.32072,0.31731,6.77104,0.04737
0.355,0.86955,0.32039,0.31693,6.75961,0.0474
0.356,0.86926,0.32006,0.31654,6.74812,0.04743
0.357,0.86898,0.31973,0.31616,6.73655,0.04746
0.358,0.8687,0.3194,0.31579,6.72491,0.0475
0.359,0.86841,0.31907,0.31541,6.71319,0.04753
0.36,0.86813,0.31874,0.31503,6.7014,0.04756
0.361,0.86785,0.31841,0.31465,6.68953,0.0476
0.362,0.86756,0.31809,0.31427,6.67792,0.04763
0.363,0.86728,0.31776,0.31389,6.66699,0.04766
0.364,0.867,0.31743,0.31352,6.656,0.04769
0.365,0.86671,0.31711,0.31314,6.64495,0.04772
0.366,0.86643,0.31678,0.31277,6.63382,0.04775
0.367,0.86615,0.31646,0.31239,6.62263,0.04778
0.368,0.86586,0.31614,0.31202,6.61137,0.04782
0.369,0.86558,0.31581,0.31164,6.60003,0.04785
0.37,0.8653,0.31549,0.31127,6.58863,0.04788
0.371,0.86501,0.31517,0.3109,6.57716,0.04792
0.372,0.86473,0.31485,0.31052,6.56664,0.04795
0.373,0.86444,0.31452,0.31015,6.5561,0.04797
0.374,0.86416,0.3142,0.30978,6.54549,0.048
0.375,0.86387,0.31388,0.30941,6.53482,0.04803
0.376,0.86359,0.31357,0.30904,6.52409,0.04806
0.377,0.86331,0.31325,0.30867,6.51329,0.04809
0.378,0.86302,0.31293,0.3083,6.50243,0.04812
0.379,0.86274,0.31261,0.30793,6.4915,0.04816
0.38,0.86245,0.31229,0.30756,6.4805,0.04819
0.381,0.86217,0.31198,0.3072,6.46972,0.04822
0.382,0.86188,0.31166,0.30683,6.45963,0.04825
0.383,0.8616,0.31135,0.30646,6.44948,0.04827
0.384,0.86131,0.31103,0.3061,6.43927,0.0483
0.385,0.86103,0.31072,0.30573,6.42901,0.04833
0.386,0.86074,0.3104,0.30537,6.41868,0.04836
0.387,0.86046,0.31009,0.305,6.4083,0.04839
0.388,0.86017,0.30978,0.30464,6.39785,0.04842
0.389,0.85989,0.30947,0.30428,6.38734,0.04845
0.39,0.8596,0.30915,0.30391,6.37677,0.04848
0.391,0.85931,0.30884,0.30355,6.36631,0.04851
0.392,0.85903,0.30853,0.30319,6.35663,0.04854
0.393,0.85874,0.30822,0.30283,6.34689,0.04856
0.394,0.85846,0.30792,0.30247,6.3371,0.04859
0.395,0.85817,0.30761,0.30211,6.32725,0.04862
0.396,0.85788,0.3073,0.30175,6.31734,0.04864
0.397,0.8576,0.30699,0.30139,6.30738,0.04867
0.398,0.85731,0.30669,0.30103,6.29736,0.0487
0.399,0.85702,0.30638,0.30068,6.28729,0.04873
0.4,0.85674,0.30607,0.30032,6.27716,0.04876
0.401,0.85645,0.30577,0.29996,6.26696,0.04879
0.402,0.85616,0.30547,0.29961,6.25737,0.04882
0.403,0.85588,0.30516,0.29925,6.24805,0.04884
0.404,0.85559,0.30486,0.2989,6.23868,0.04887
0.405,0.8553,0.30456,0.29855,6.22926,0.04889
0.406,0.85501,0.30426,0.29819,6.21979,0.04892
0.407,0.85473,0.30395,0.29784,6.21026,0.04894
0.408,0.85444,0.30365,0.29749,6.20068,0.04897
0.409,0.85415,0.30335,0.29714,6.19105,0.049
0.41,0.85386,0.30305,0.29678,6.18136,0.04903
0.411,0.85357,0.30275,0.29643,6.17162,0.04906
0.412,0.85328,0.30246,0.29608,6.16183,0.04909
0.413,0.853,0.30216,0.29573,6.15268,0.04911
0.414,0.85271,0.30186,0.29539,6.14374,0.04913
0.415,0.85242,0.30157,0.29504,6.13475,0.04916
0.416,0.85213,0.30127,0.29469,6.12572,0.04918
0.417,0.85184,0.30097,0.29434,6.11663,0.04921
0.418,0.85155,0.30068,0.294,6.1075,0.04923
0.419,0.85126,0.30039,0.29365,6.09832,0.04926
0.42,0.85097,0.30009,0.2933,6.08908,0.04928
0.421,0.85068,0.2998,0.29296,6.0798,0.04931
0.422,0.85039,0.29951,0.29262,6.07047,0.04934
0.423,0.8501,0.29921,0.29227,6.06108,0.04937
0.424,0.84981,0.29892,0.29193,6.05196,0.04939
0.425,0.84952,0.29863,0.29159,6.04341,0.04941
0.426,0.84923,0.29834,0.29125,6.03481,0.04944
0.427,0.84894,0.29805,0.2909,6.02617,0.04946
0.428,0.84865,0.29776,0.29056,6.01749,0.04948
0.429,0.84836,0.29748,0.29022,6.00876,0.04951
0.43,0.84807,0.29719,0.28988,5.99998,0.04953
0.431,0.84778,0.2969,0.28954,5.99116,0.04956
0.432,0.84749,0.29662,0.28921,5.98229,0.04958
0.433,0.84719,0.29633,0.28887,5.97338,0.04961
0.434,0.8469,0.29604,0.28853,5.96442,0.04964
0.435,0.84661,0.29576,0.28819,5.95541,0.04966
0.436,0.84632,0.29548,0.28786,5.94675,0.04969
0.437,0.84603,0.29519,0.28752,5.93856,0.04971
0.438,0.84573,0.29491,0.28719,5.93033,0.04973
0.439,0.84544,0.29463,0.28685,5.92205,0.04975
0.44,0.84515,0.29435,0.28652,5.91373,0.04977
0.441,0.84485,0.29406,0.28619,5.90537,0.0498
0.442,0.84456,0.29378,0.28585,5.89696,0.04982
0.443,0.84427,0.2935,0.28552,5.88852,0.04984
0.444,0.84397,0.29322,0.28519,5.88003,0.04987
0.445,0.84368,0.29295,0.28486,5.87149,0.04989
0.446,0.84339,0.29267,0.28453,5.86292,0.04992
0.447,0.84309,0.29239,0.2842,5.8543,0.04994
0.448,0.8428,0.29211,0.28387,5.84567,0.04997
0.449,0.8425,0.29184,0.28354,5.83784,0.04999
0.45,0.84221,0.29156,0.28322,5.82998,0.05001
0.451,0.84192,0.29128,0.28289,5.82208,0.05003
0.452,0.84162,0.29101,0.28256,5.81413,0.05005
0.453,0.84133,0.29074,0.28223,5.80615,0.05007
0.454,0.84103,0.29046,0.28191,5.79813,0.0501
0.455,0.84073,0.29019,0.28158,5.79007,0.05012
0.456,0.84044,0.28992,0.28126,5.78197,0.05014
0.457,0.84014,0.28964,0.28094,5.77383,0.05017
0.458,0.83985,0.28937,0.28061,5.76565,0.05019
0.459,0.83955,0.2891,0.28029,5.75743,0.05021
0.46,0.83925,0.28883,0.27997,5.74916,0.05024
0.461,0.83896,0.28856,0.27965,5.74094,0.05026
0.462,0.83866,0.28829,0.27932,5.73345,0.05028
0.463,0.83836,0.28803,0.279,5.72593,0.0503
0.464,0.83807,0.28776,0.27868,5.71837,0.05032
0.465,0.83777,0.28749,0.27836,5.71078,0.05034
0.466,0.83747,0.28722,0.27805,5.70315,0.05036
0.467,0.83717,0.28696,0.27773,5.69548,0.05038
0.468,0.83687,0.28669,0.27741,5.68778,0.0504
0.469,0.83658,0.28643,0.27709,5.68004,0.05043
0.47,0.83628,0.28616,0.27678,5.67226,0.05045
0.471,0.83598,0.2859,0.27646,5.66445,0.05047
0.472,0.83568,0.28564,0.27615,5.6566,0.0505
0.473,0.83538,0.28537,0.27583,5.64871,0.05052
0.474,0.83508,0.28511,0.27552,5.64078,0.05054
0.475,0.83478,0.28485,0.2752,5.63327,0.05057
0.476,0.83448,0.28459,0.27489,5.6261,0.05058
0.477,0.83418,0.28433,0.27458,5.6189,0.0506
0.478,0.83388,0.28407,0.27427,5.61167,0.05062
0.479,0.83358,0.28381,0.27395,5.6044,0.05064
0.48,0.83328,0.28355,0.27364,5.5971,0.05066
0.481,0.83298,0.28329,0.27333,5.58976,0.05068
0.482,0.83268,0.28303,0.27302,5.58239,0.0507
0.483,0.83238,0.28278,0.27271,5.57499,0.05072
0.484,0.83208,0.28252,0.27241,5.56755,0.05074
0.485,0.83178,0.28226,0.2721,5.56008,0.05077
0.486,0.83147,0.28201,0.27179,5.55257,0.05079
0.487,0.83117,0.28175,0.27148,5.54503,0.05081
0.488,0.83087,0.2815,0.27118,5.53745,0.05084
0.489,0.83057,0.28125,0.27087,5.53015,0.05086
0.49,0.83026,0.28099,0.27057,5.52332,0.05087
0.491,0.82996,0.28074,0.27026,5.51645,0.05089
0.492,0.82966,0.28049,0.26996,5.50955,0.05091
0.493,0.82935,0.28024,0.26965,5.50262,0.05093
0.494,0.82905,0.27999,0.26935,5.49566,0.05095
0.495,0.82875,0.27974,0.26905,5.48867,0.05097
0.496,0.82844,0.27949,0.26875,5.48164,0.05099
0.497,0.82814,0.27924,0.26844,5.47459,0.05101
0.498,0.82783,0.27899,0.26814,5.4675,0.05103
0.499,0.82753,0.27874,0.26784,5.46038,0.05105
0.5,0.82722,0.27849,0.26754,5.45323,0.05107
0.501,0.82692,0.27824,0.26724,5.44605,0.05109
0.502,0.82661,0.278,0.26695,5.43883,0.05111
0.503,0.82631,0.27775,0.26665,5.43158,0.05114
0.504,0.826,0.27751,0.26635,5.42475,0.05116
0.505,0.8257,0.27726,0.26605,5.41822,0.05117
0.506,0.82539,0.27702,0.26576,5.41167,0.05119
0.507,0.82508,0.27677,0.26546,5.40509,0.05121
0.508,0.82478,0.27653,0.26516,5.39848,0.05122
0.509,0.82447,0.27629,0.26487,5.39184,0.05124
0.51,0.82416,0.27604,0.26458,5.38517,0.05126
0.511,0.82385,0.2758,0.26428,5.37847,0.05128
0.512,0.82355,0.27556,0.26399,5.37175,0.0513
0.513,0.82324,0.27532,0.2637,5.36499,0.05132
0.514,0.82293,0.27508,0.2634,5.3582,0.05134
0.515,0.82262,0.27484,0.26311,5.35139,0.05136
0.516,0.82231,0.2746,0.26282,5.34455,0.05138
0.517,0.822,0.27436,0.26253,5.33767,0.0514
0.518,0.82169,0.27412,0.26224,5.33077,0.05142
0.519,0.82138,0.27389,0.26195,5.32385,0.05145
0.52,0.82107,0.27365,0.26166,5.31765,0.05146
0.521,0.82076,0.27341,0.26137,5.31142,0.05148
0.522,0.82045,0.27318,0.26109,5.30517,0.05149
0.523,0.82014,0.27294,0.2608,5.29889,0.05151
0.524,0.81983,0.27271,0.26051,5.29258,0.05153
0.525,0.81952,0.27247,0.26023,5.28625,0.05154
0.526,0.81921,0.27224,0.25994,5.27989,0.05156
0.527,0.8189,0.27201,0.25965,5.2735,0.05158
0.528,0.81859,0.27177,0.25937,5.26709,0.0516
0.529,0.81828,0.27154,0.25909,5.26065,0.05162
0.53,0.81796,0.27131,0.2588,5.25418,0.05164
0.531,0.81765,0.27108,0.25852,5.24769,0.05166
0.532,0.81734,0.27085,0.25824,5.24116,0.05168
0.533,0.81703,0.27062,0.25795,5.23461,0.0517
0.534,0.81671,0.27039,0.25767,5.22803,0.05172
0.535,0.8164,0.27016,0.25739,5.22143,0.05174
0.536,0.81609,0.26993,0.25711,5.21534,0.05176
0.537,0.81577,0.2697,0.25683,5.20942,0.05177
0.538,0.81546,0.26947,0.25655,5.20347,0.05179
0.539,0.81514,0.26925,0.25627,5.19751,0.0518
0.54,0.81483,0.26902,0.25599,5.19152,0.05182
0.541,0.81451,0.26879,0.25572,5.1855,0.05184
0.542,0.8142,0.26857,0.25544,5.17946,0.05185
0.543,0.81388,0.26834,0.25516,5.1734,0.05187
0.544,0.81357,0.26812,0.25488,5.16731,0.05189
0.545,0.81325,0.26789,0.25461,5.16119,0.05191
0.546,0.81293,0.26767,0.25433,5.15506,0.05192
0.547,0.81262,0.26745,0.25406,5.14889,0.05194
0.548,0.8123,0.26722,0.25378,5.1427,0.05196
0.549,0.81198,0.267,0.25351,5.13649,0.05198
0.55,0.81167,0.26678,0.25324,5.13025,0.052
0.551,0.81135,0.26656,0.25296,5.12399,0.05202
0.552,0.81103,0.26634,0.25269,5.11769,0.05204
0.553,0.81071,0.26612,0.25242,5.11182,0.05206
0.554,0.81039,0.2659,0.25215,5.1062,0.05207
0.555,0.81008,0.26568,0.25188,5.10055,0.05209
0.556,0.80976,0.26546,0.25161,5.09488,0.0521
0.557,0.80944,0.26524,0.25134,5.0892,0.05212
0.558,0.80912,0.26502,0.25107,5.08348,0.05213
0.559,0.8088,0.26481,0.2508,5.07775,0.05215
0.56,0.80848,0.26459,0.25053,5.072,0.05217
0.561,0.80816,0.26437,0.25026,5.06622,0.05218
0.562,0.80784,0.26416,0.24999,5.06042,0.0522
0.563,0.80752,0.26394,0.24973,5.05459,0.05222
0.564,0.80719,0.26373,0.24946,5.04875,0.05224
0.565,0.80687,0.26351,0.2492,5.04288,0.05225
0.566,0.80655,0.2633,0.24893,5.03699,0.05227
0.567,0.80623,0.26308,0.24866,5.03107,0.05229
0.568,0.80591,0.26287,0.2484,5.02513,0.05231
0.569,0.80559,0.26266,0.24814,5.01917,0.05233
0.57,0.80526,0.26245,0.24787,5.01318,0.05235
0.571,0.80494,0.26224,0.24761,5.0076,0.05237
0.572,0.80462,0.26202,0.24735,5.00226,0.05238
0.573,0.80429,0.26181,0.24709,4.99691,0.0524
0.574,0.80397,0.2616,0.24682,4.99153,0.05241
0.575,0.80364,0.26139,0.24656,4.98613,0.05242
0.576,0.80332,0.26118,0.2463,4.98072,0.05244
0.577,0.803,0.26098,0.24604,4.97528,0.05245
0.578,0.80267,0.26077,0.24578,4.96982,0.05247
0.579,0.80235,0.26056,0.24552,4.96434,0.05249
0.58,0.80202,0.26035,0.24526,4.95884,0.0525
0.581,0.80169,0.26015,0.24501,4.95332,0.05252
0.582,0.80137,0.25994,0.24475,4.94778,0.05254
0.583,0.80104,0.25973,0.24449,4.94222,0.05255
0.584,0.80071,0.25953,0.24423,4.93664,0.05257
0.585,0.80039,0.25932,0.24398,4.93104,0.05259
0.586,0.80006,0.25912,0.24372,4.92541,0.05261
0.587,0.79973,0.25891,0.24347,4.91976,0.05263
0.588,0.79941,0.25871,0.24321,4.9141,0.05265
0.589,0.79908,0.25851,0.24296,4.90841,0.05267
0.59,0.79875,0.2583,0.2427,4.90314,0.05268
0.591,0.79842,0.2581,0.24245,4.89808,0.05269
0.592,0.79809,0.2579,0.2422,4.893,0.05271
0.593,0.79776,0.2577,0.24194,4.88791,0.05272
0.594,0.79743,0.2575,0.24169,4.88279,0.05274
0.595,0.7971,0.2573,0.24144,4.87766,0.05275
0.596,0.79677,0.2571,0.24119,4.87251,0.05276
0.597,0.79644,0.2569,0.24094,4.86734,0.05278
0.598,0.79611,0.2567,0.24069,4.86216,0.0528
0.599,0.79578,0.2565,0.24044,4.85695,0.05281
0.6,0.79545,0.2563,0.24019,4.85172,0.05283
0.601,0.79512,0.2561,0.23994,4.84648,0.05284
0.602,0.79479,0.25591,0.23969,4.84122,0.05286
0.603,0.79445,0.25571,0.23944,4.83593,0.05288
0.604,0.79412,0.25551,0.23919,4.83063,0.05289
0.605,0.79379,0.25532,0.23895,4.82531,0.05291
0.606,0.79346,0.25512,0.2387,4.81997,0.05293
0.607,0.79312,0.25493,0.23845,4.81461,0.05295
0.608,0.79279,0.25473,0.23821,4.80923,0.05297
0.609,0.79246,0.25454,0.23796,4.80383,0.05299
0.61,0.79212,0.25434,0.23772,4.79885,0.053
0.611,0.79179,0.25415,0.23747,4.79407,0.05301
0.612,0.79145,0.25396,0.23723,4.78926,0.05303
0.613,0.79112,0.25376,0.23699,4.78444,0.05304
0.614,0.79078,0.25357,0.23674,4.77961,0.05305
0.615,0.79045,0.25338,0.2365,4.77475,0.05307
0.616,0.79011,0.25319,0.23626,4.76988,0.05308
0.617,0.78977,0.253,0.23601,4.76499,0.0531
0.618,0.78944,0.25281,0.23577,4.76009,0.05311
0.619,0.7891,0.25262,0.23553,4.75517,0.05312
0.62,0.78876,0.25243,0.23529,4.75023,0.05314
0.621,0.78843,0.25224,0.23505,4.74528,0.05316
0.622,0.78809,0.25205,0.23481,4.7403,0.05317
0.623,0.78775,0.25186,0.23457,4.73532,0.05319
0.624,0.78741,0.25167,0.23433,4.73031,0.0532
0.625,0.78707,0.25149,0.2341,4.72528,0.05322
0.626,0.78673,0.2513,0.23386,4.72024,0.05324
0.627,0.78639,0.25111,0.23362,4.71518,0.05326
0.628,0.78606,0.25093,0.23338,4.71011,0.05327
0.629,0.78572,0.25074,0.23315,4.70501,0.05329
0.63,0.78538,0.25056,0.23291,4.6999,0.05331
0.631,0.78503,0.25037,0.23267,4.69512,0.05333
0.632,0.78469,0.25019,0.23244,4.6906,0.05334
0.633,0.78435,0.25,0.2322,4.68607,0.05335
0.634,0.78401,0.24982,0.23197,4.68152,0.05336
0.635,0.78367,0.24963,0.23173,4.67695,0.05338
0.636,0.78333,0.24945,0.2315,4.67237,0.05339
0.637,0.78299,0.24927,0.23127,4.66778,0.0534
0.638,0.78264,0.24909,0.23103,4.66317,0.05342
0.639,0.7823,0.2489,0.2308,4.65854,0.05343
0.64,0.78196,0.24872,0.23057,4.6539,0.05344
0.641,0.78161,0.24854,0.23034,4.64924,0.05346
0.642,0.78127,0.24836,0.23011,4.64457,0.05347
0.643,0.78093,0.24818,0.22988,4.63988,0.05349
0.644,0.78058,0.248,0.22965,4.63518,0.0535
0.645,0.78024,0.24782,0.22942,4.63046,0.05352
0.646,0.77989,0.24764,0.22919,4.62573,0.05354
0.647,0.77955,0.24747,0.22896,4.62098,0.05355
0.648,0.7792,0.24729,0.22873,4.61621,0.05357
0.649,0.77885,0.24711,0.2285,4.61143,0.05359
0.65,0.77851,0.24693,0.22827,4.60663,0.0536
0.651,0.77816,0.24675,0.22804,4.60182,0.05362
0.652,0.77781,0.24658,0.22782,4.59699,0.05364
0.653,0.77747,0.2464,0.22759,4.59229,0.05366
0.654,0.77712,0.24623,0.22736,4.58803,0.05367
0.655,0.77677,0.24605,0.22714,4.58376,0.05368
0.656,0.77642,0.24588,0.22691,4.57948,0.05369
0.657,0.77607,0.2457,0.22669,4.57518,0.0537
0.658,0.77573,0.24553,0.22646,4.57087,0.05372
0.659,0.77538,0.24535,0.22624,4.56654,0.05373
0.66,0.77503,0.24518,0.22601,4.5622,0.05374
0.661,0.77468,0.24501,0.22579,4.55785,0.05375
0.662,0.77433,0.24483,0.22557,4.55349,0.05377
0.663,0.77398,0.24466,0.22534,4.54911,0.05378
0.664,0.77363,0.24449,0.22512,4.54472,0.0538
0.665,0.77327,0.24432,0.2249,4.54031,0.05381
0.666,0.77292,0.24415,0.22468,4.53589,0.05383
0.667,0.77257,0.24398,0.22445,4.53145,0.05384
0.668,0.77222,0.2438,0.22423,4.527,0.05386
0.669,0.77187,0.24363,0.22401,4.52254,0.05387
0.67,0.77151,0.24346,0.22379,4.51806,0.05389
0.671,0.77116,0.2433,0.22357,4.51357,0.0539
0.672,0.77081,0.24313,0.22335,4.50907,0.05392
0.673,0.77045,0.24296,0.22314,4.50455,0.05394
0.674,0.7701,0.24279,0.22292,4.50001,0.05395
0.675,0.76975,0.24262,0.2227,4.49547,0.05397
0.676,0.76939,0.24245,0.22248,4.4909,0.05399
0.677,0.76904,0.24229,0.22226,4.48665,0.054
0.678,0.76868,0.24212,0.22205,4.48264,0.05401
0.679,0.76833,0.24195,0.22183,4.47862,0.05402
0.68,0.76797,0.24179,0.22161,4.47459,0.05404
0.681,0.76761,0.24162,0.2214,4.47054,0.05405
0.682,0.76726,0.24146,0.22118,4.46649,0.05406
0.683,0.7669,0.24129,0.22097,4.46242,0.05407
0.684,0.76654,0.24113,0.22075,4.45833,0.05408
0.685,0.76619,0.24096,0.22054,4.45424,0.0541
0.686,0.76583,0.2408,0.22032,4.45014,0.05411
0.687,0.76547,0.24064,0.22011,4.44602,0.05412
0.688,0.76511,0.24047,0.21989,4.44189,0.05414
0.689,0.76475,0.24031,0.21968,4.43774,0.05415
0.69,0.76439,0.24015,0.21947,4.43359,0.05417
0.691,0.76403,0.23998,0.21926,4.42942,0.05418
0.692,0.76367,0.23982,0.21904,4.42524,0.05419
0.693,0.76331,0.23966,0.21883,4.42105,0.05421
0.694,0.76295,0.2395,0.21862,4.41684,0.05422
0.695,0.76259,0.23934,0.21841,4.41263,0.05424
0.696,0.76223,0.23918,0.2182,4.40839,0.05426
0.697,0.76187,0.23902,0.21799,4.40415,0.05427
0.698,0.76151,0.23886,0.21778,4.3999,0.05429
0.699,0.76115,0.2387,0.21757,4.39563,0.0543
0.7,0.76078,0.23854,0.21736,4.39134,0.05432
0.701,0.76042,0.23838,0.21715,4.38705,0.05434
0.702,0.76006,0.23822,0.21694,4.38297,0.05435
0.703,0.75969,0.23807,0.21674,4.37921,0.05436
0.704,0.75933,0.23791,0.21653,4.37544,0.05437
0.705,0.75897,0.23775,0.21632,4.37166,0.05438
0.706,0.7586,0.23759,0.21611,4.36786,0.0544
0.707,0.75824,0.23744,0.21591,4.36406,0.05441
0.708,0.75787,0.23728,0.2157,4.36025,0.05442
0.709,0.75751,0.23713,0.21549,4.35642,0.05443
0.71,0.75714,0.23697,0.21529,4.35258,0.05444
0.711,0.75677,0.23681,0.21508,4.34874,0.05446
0.712,0.75641,0.23666,0.21488,4.34488,0.05447
0.713,0.75604,0.23651,0.21467,4.34101,0.05448
0.714,0.75567,0.23635,0.21447,4.33713,0.05449
0.715,0.75531,0.2362,0.21427,4.33324,0.05451
0.716,0.75494,0.23604,0.21406,4.32934,0.05452
0.717,0.75457,0.23589,0.21386,4.32543,0.05454
0.718,0.7542,0.23574,0.21366,4.32151,0.05455
0.719,0.75383,0.23558,0.21345,4.31757,0.05456
0.72,0.75346,0.23543,0.21325,4.31363,0.05458
0.721,0.75309,0.23528,0.21305,4.30967,0.05459
0.722,0.75272,0.23513,0.21285,4.3057,0.05461
0.723,0.75235,0.23498,0.21265,4.30172,0.05462
0.724,0.75198,0.23483,0.21245,4.29773,0.05464
0.725,0.75161,0.23468,0.21224,4.29373,0.05466
0.726,0.75124,0.23453,0.21204,4.28972,0.05467
0.727,0.75087,0.23438,0.21184,4.28569,0.05469
0.728,0.7505,0.23423,0.21164,4.28165,0.0547
0.729,0.75012,0.23408,0.21145,4.27794,0.05472
0.73,0.74975,0.23393,0.21125,4.27442,0.05473
0.731,0.74938,0.23378,0.21105,4.27089,0.05474
0.732,0.749,0.23363,0.21085,4.26734,0.05475
0.733,0.74863,0.23348,0.21065,4.26379,0.05476
0.734,0.74826,0.23333,0.21045,4.26023,0.05477
0.735,0.74788,0.23319,0.21026,4.25667,0.05478
0.736,0.74751,0.23304,0.21006,4.25309,0.05479
0.737,0.74713,0.23289,0.20986,4.2495,0.0548
0.738,0.74676,0.23275,0.20967,4.2459,0.05482
0.739,0.74638,0.2326,0.20947,4.2423,0.05483
0.74,0.746,0.23245,0.20927,4.23868,0.05484
0.741,0.74563,0.23231,0.20908,4.23505,0.05485
0.742,0.74525,0.23216,0.20888,4.23142,0.05487
0.743,0.74487,0.23202,0.20869,4.22777,0.05488
0.744,0.7445,0.23187,0.20849,4.22412,0.05489
0.745,0.74412,0.23173,0.2083,4.22045,0.05491
0.746,0.74374,0.23158,0.20811,4.21678,0.05492
0.747,0.74336,0.23144,0.20791,4.21309,0.05493
0.748,0.74298,0.2313,0.20772,4.2094,0.05495
0.749,0.7426,0.23115,0.20753,4.2057,0.05496
0.75,0.74222,0.23101,0.20733,4.20198,0.05498
0.751,0.74184,0.23087,0.20714,4.19826,0.05499
0.752,0.74146,0.23073,0.20695,4.19453,0.05501
0.753,0.74108,0.23058,0.20676,4.19078,0.05502
0.754,0.7407,0.23044,0.20657,4.18703,0.05504
0.755,0.74032,0.2303,0.20637,4.18326,0.05505
0.756,0.73994,0.23016,0.20618,4.17949,0.05507
0.757,0.73955,0.23002,0.20599,4.17571,0.05509
0.758,0.73917,0.22988,0.2058,4.17243,0.05509
0.759,0.73879,0.22974,0.20561,4.16914,0.0551
0.76,0.7384,0.2296,0.20542,4.16584,0.05511
0.761,0.73802,0.22946,0.20523,4.16254,0.05512
0.762,0.73764,0.22932,0.20505,4.15922,0.05514
0.763,0.73725,0.22918,0.20486,4.1559,0.05515
0.764,0.73687,0.22904,0.20467,4.15257,0.05516
0.765,0.73648,0.2289,0.20448,4.14923,0.05517
0.766,0.7361,0.22876,0.20429,4.14589,0.05518
0.767,0.73571,0.22863,0.2041,4.14253,0.05519
0.768,0.73532,0.22849,0.20392,4.13917,0.0552
0.769,0.73494,0.22835,0.20373,4.1358,0.05521
0.77,0.73455,0.22821,0.20354,4.13242,0.05523
0.771,0.73416,0.22808,0.20336,4.12903,0.05524
0.772,0.73378,0.22794,0.20317,4.12563,0.05525
0.773,0.73339,0.22781,0.20298,4.12223,0.05526
0.774,0.733,0.22767,0.2028,4.11882,0.05528
0.775,0.73261,0.22753,0.20261,4.11539,0.05529
0.776,0.73222,0.2274,0.20243,4.11196,0.0553
0.777,0.73183,0.22726,0.20224,4.10853,0.05531
0.778,0.73144,0.22713,0.20206,4.10508,0.05533
0.779,0.73105,0.22699,0.20187,4.10162,0.05534
0.78,0.73066,0.22686,0.20169,4.09816,0.05536
0.781,0.73027,0.22673,0.20151,4.09468,0.05537
0.782,0.72988,0.22659,0.20132,4.0912,0.05539
0.783,0.72949,0.22646,0.20114,4.08771,0.0554
0.784,0.72909,0.22632,0.20096,4.08421,0.05541
0.785,0.7287,0.22619,0.20078,4.08071,0.05543
0.786,0.72831,0.22606,0.20059,4.07719,0.05544
0.787,0.72792,0.22593,0.20041,4.07366,0.05546
0.788,0.72752,0.22579,0.20023,4.0703,0.05547
0.789,0.72713,0.22566,0.20005,4.06724,0.05548
0.79,0.72673,0.22553,0.19987,4.06418,0.05549
0.791,0.72634,0.2254,0.19969,4.06112,0.0555
0.792,0.72594,0.22527,0.1995,4.05804,0.05551
0.793,0.72555,0.22514,0.19932,4.05496,0.05552
0.794,0.72515,0.22501,0.19914,4.05187,0.05553
0.795,0.72476,0.22488,0.19896,4.04878,0.05554
0.796,0.72436,0.22475,0.19878,4.04568,0.05555
0.797,0.72396,0.22462,0.19861,4.04257,0.05556
0.798,0.72356,0.22449,0.19843,4.03945,0.05557
0.799,0.72317,0.22436,0.19825,4.03633,0.05558
0.8,0.72277,0.22423,0.19807,4.0332,0.0556
0.801,0.72237,0.2241,0.19789,4.03006,0.05561
0.802,0.72197,0.22397,0.19771,4.02692,0.05562
0.803,0.72157,0.22384,0.19753,4.02377,0.05563
0.804,0.72117,0.22372,0.19736,4.02061,0.05564
0.805,0.72077,0.22359,0.19718,4.01744,0.05565
0.806,0.72037,0.22346,0.197,4.01427,0.05567
0.807,0.71997,0.22333,0.19683,4.01109,0.05568
0.808,0.71957,0.22321,0.19665,4.0079,0.05569
0.809,0.71917,0.22308,0.19647,4.0047,0.0557
0.81,0.71876,0.22295,0.1963,4.0015,0.05572
0.811,0.71836,0.22283,0.19612,3.99829,0.05573
0.812,0.71796,0.2227,0.19595,3.99507,0.05574
0.813,0.71756,0.22258,0.19577,3.99185,0.05576
0.814,0.71715,0.22245,0.1956,3.98861,0.05577
0.815,0.71675,0.22233,0.19542,3.98537,0.05579
0.816,0.71634,0.2222,0.19525,3.98213,0.0558
0.817,0.71594,0.22208,0.19507,3.97887,0.05581
0.818,0.71553,0.22195,0.1949,3.97561,0.05583
0.819,0.71513,0.22183,0.19472,3.97234,0.05584
0.82,0.71472,0.2217,0.19455,3.96906,0.05586
0.821,0.71432,0.22158,0.19438,3.96594,0.05587
0.822,0.71391,0.22146,0.1942,3.96311,0.05588
0.823,0.7135,0.22133,0.19403,3.96028,0.05589
0.824,0.71309,0.22121,0.19386,3.95745,0.0559
0.825,0.71269,0.22109,0.19369,3.9546,0.05591
0.826,0.71228,0.22096,0.19351,3.95175,0.05592
0.827,0.71187,0.22084,0.19334,3.9489,0.05592
0.828,0.71146,0.22072,0.19317,3.94604,0.05593
0.829,0.71105,0.2206,0.193,3.94317,0.05594
0.83,0.71064,0.22048,0.19283,3.94029,0.05595
0.831,0.71023,0.22035,0.19266,3.93741,0.05596
0.832,0.70982,0.22023,0.19249,3.93453,0.05597
0.833,0.70941,0.22011,0.19232,3.93164,0.05599
0.834,0.709,0.21999,0.19215,3.92874,0.056
0.835,0.70858,0.21987,0.19198,3.92584,0.05601
0.836,0.70817,0.21975,0.19181,3.92293,0.05602
0.837,0.70776,0.21963,0.19164,3.92001,0.05603
0.838,0.70735,0.21951,0.19147,3.91709,0.05604
0.839,0.70693,0.21939,0.1913,3.91416,0.05605
0.84,0.70652,0.21927,0.19113,3.91123,0.05606
0.841,0.7061,0.21915,0.19096,3.90828,0.05607
0.842,0.70569,0.21904,0.19079,3.90534,0.05609
0.843,0.70527,0.21892,0.19062,3.90238,0.0561
0.844,0.70486,0.2188,0.19046,3.89943,0.05611
0.845,0.70444,0.21868,0.19029,3.89646,0.05612
0.846,0.70402,0.21856,0.19012,3.89349,0.05614
0.847,0.70361,0.21844,0.18995,3.89051,0.05615
0.848,0.70319,0.21833,0.18979,3.88753,0.05616
0.849,0.70277,0.21821,0.18962,3.88454,0.05617
0.85,0.70235,0.21809,0.18945,3.88154,0.05619
0.851,0.70194,0.21798,0.18928,3.87854,0.0562
0.852,0.70152,0.21786,0.18912,3.87553,0.05621
0.853,0.7011,0.21774,0.18895,3.87251,0.05623
0.854,0.70068,0.21763,0.18879,3.86949,0.05624
0.855,0.70026,0.21751,0.18862,3.86646,0.05626
0.856,0.69984,0.21739,0.18846,3.86342,0.05627
0.857,0.69942,0.21728,0.18829,3.8607,0.05628
0.858,0.69899,0.21716,0.18812,3.85809,0.05629
0.859,0.69857,0.21705,0.18796,3.85548,0.0563
0.86,0.69815,0.21693,0.1878,3.85287,0.0563
0.861,0.69773,0.21682,0.18763,3.85025,0.05631
0.862,0.6973,0.21671,0.18747,3.84763,0.05632
0.863,0.69688,0.21659,0.1873,3.845,0.05633
0.864,0.69646,0.21648,0.18714,3.84236,0.05634
0.865,0.69603,0.21636,0.18698,3.83973,0.05635
0.866,0.69561,0.21625,0.18681,3.83708,0.05636
0.867,0.69518,0.21614,0.18665,3.83443,0.05637
0.868,0.69475,0.21602,0.18649,3.83178,0.05638
0.869,0.69433,0.21591,0.18632,3.82912,0.05639
0.87,0.6939,0.2158,0.18616,3.82646,0.0564
0.871,0.69347,0.21568,0.186,3.82379,0.05641
0.872,0.69305,0.21557,0.18584,3.82111,0.05642
0.873,0.69262,0.21546,0.18567,3.81843,0.05643
0.874,0.69219,0.21535,0.18551,3.81575,0.05644
0.875,0.69176,0.21524,0.18535,3.81306,0.05645
0.876,0.69133,0.21512,0.18519,3.81037,0.05646
0.877,0.6909,0.21501,0.18503,3.80767,0.05647
0.878,0.69047,0.2149,0.18487,3.80496,0.05648
0.879,0.69004,0.21479,0.1847,3.80225,0.05649
0.88,0.68961,0.21468,0.18454,3.79954,0.0565
0.881,0.68918,0.21457,0.18438,3.79682,0.05651
0.882,0.68875,0.21446,0.18422,3.79409,0.05652
0.883,0.68832,0.21435,0.18406,3.79136,0.05654
0.884,0.68788,0.21424,0.1839,3.78862,0.05655
0.885,0.68745,0.21413,0.18374,3.78588,0.05656
0.886,0.68702,0.21402,0.18358,3.78314,0.05657
0.887,0.68658,0.21391,0.18342,3.78039,0.05658
0.888,0.68615,0.2138,0.18326,3.77763,0.0566
0.889,0.68571,0.21369,0.18311,3.77487,0.05661
0.89,0.68528,0.21358,0.18295,3.7721,0.05662
0.891,0.68484,0.21347,0.18279,3.76933,0.05663
0.892,0.6844,0.21337,0.18263,3.76655,0.05665
0.893,0.68397,0.21326,0.18247,3.76377,0.05666
0.894,0.68353,0.21315,0.18231,3.76098,0.05667
0.895,0.68309,0.21304,0.18215,3.75819,0.05669
0.896,0.68265,0.21293,0.182,3.7558,0.05669
0.897,0.68222,0.21283,0.18184,3.75342,0.0567
0.898,0.68178,0.21272,0.18168,3.75103,0.05671
0.899,0.68134,0.21261,0.18152,3.74864,0.05672
0.9,0.6809,0.2125,0.18137,3.74624,0.05672
0.901,0.68046,0.2124,0.18121,3.74384,0.05673
0.902,0.68002,0.21229,0.18105,3.74144,0.05674
0.903,0.67957,0.21218,0.1809,3.73903,0.05675
0.904,0.67913,0.21208,0.18074,3.73661,0.05676
0.905,0.67869,0.21197,0.18058,3.7342,0.05677
0.906,0.67825,0.21187,0.18043,3.73178,0.05677
0.907,0.6778,0.21176,0.18027,3.72935,0.05678
0.908,0.67736,0.21166,0.18012,3.72692,0.05679
0.909,0.67692,0.21155,0.17996,3.72449,0.0568
0.91,0.67647,0.21144,0.1798,3.72205,0.05681
0.911,0.67603,0.21134,0.17965,3.71961,0.05682
0.912,0.67558,0.21124,0.17949,3.71717,0.05683
0.913,0.67513,0.21113,0.17934,3.71472,0.05684
0.914,0.67469,0.21103,0.17918,3.71226,0.05685
0.915,0.67424,0.21092,0.17903,3.70981,0.05686
0.916,0.67379,0.21082,0.17887,3.70735,0.05686
0.917,0.67335,0.21071,0.17872,3.70488,0.05687
0.918,0.6729,0.21061,0.17856,3.70241,0.05688
0.919,0.67245,0.21051,0.17841,3.69994,0.05689
0.92,0.672,0.2104,0.17826,3.69746,0.0569
0.921,0.67155,0.2103,0.1781,3.69498,0.05691
0.922,0.6711,0.2102,0.17795,3.69249,0.05693
0.923,0.67065,0.21009,0.1778,3.69,0.05694
0.924,0.6702,0.20999,0.17764,3.6875,0.05695
0.925,0.66975,0.20989,0.17749,3.68501,0.05696
0.926,0.66929,0.20979,0.17734,3.6825,0.05697
0.927,0.66884,0.20968,0.17718,3.68,0.05698
0.928,0.66839,0.20958,0.17703,3.67748,0.05699
0.929,0.66793,0.20948,0.17688,3.67497,0.057
0.93,0.66748,0.20938,0.17672,3.67245,0.05701
0.931,0.66702,0.20928,0.17657,3.66993,0.05702
0.932,0.66657,0.20917,0.17642,3.6674,0.05704
0.933,0.66611,0.20907,0.17627,3.66487,0.05705
0.934,0.66566,0.20897,0.17612,3.66233,0.05706
0.935,0.6652,0.20887,0.17596,3.65979,0.05707
0.936,0.66474,0.20877,0.17581,3.65724,0.05708
0.937,0.66429,0.20867,0.17566,3.6547,0.0571
0.938,0.66383,0.20857,0.17551,3.65239,0.0571
0.939,0.66337,0.20847,0.17536,3.65023,0.05711
0.94,0.66291,0.20837,0.17521,3.64806,0.05712
0.941,0.66245,0.20827,0.17506,3.64589,0.05712
0.942,0.66199,0.20817,0.1749,3.64371,0.05713
0.943,0.66153,0.20807,0.17475,3.64154,0.05714
0.944,0.66107,0.20797,0.1746,3.63936,0.05714
0.945,0.66061,0.20787,0.17445,3.63717,0.05715
0.946,0.66014,0.20777,0.1743,3.63499,0.05716
0.947,0.65968,0.20767,0.17415,3.6328,0.05717
0.948,0.65922,0.20757,0.174,3.63061,0.05717
0.949,0.65875,0.20747,0.17385,3.62841,0.05718
0.95,0.65829,0.20737,0.1737,3.62621,0.05719
0.951,0.65782,0.20728,0.17355,3.62401,0.0572
0.952,0.65736,0.20718,0.1734,3.6218,0.0572
0.953,0.65689,0.20708,0.17325,3.61959,0.05721
0.954,0.65643,0.20698,0.1731,3.61738,0.05722
0.955,0.65596,0.20688,0.17295,3.61517,0.05723
0.956,0.65549,0.20679,0.1728,3.61295,0.05723
0.957,0.65502,0.20669,0.17265,3.61073,0.05724
0.958,0.65456,0.20659,0.17251,3.60851,0.05725
0.959,0.65409,0.20649,0.17236,3.60628,0.05726
0.96,0.65362,0.2064,0.17221,3.60405,0.05727
0.961,0.65315,0.2063,0.17206,3.60181,0.05728
0.962,0.65268,0.2062,0.17191,3.59958,0.05729
0.963,0.65221,0.20611,0.17176,3.59734,0.05729
0.964,0.65173,0.20601,0.17161,3.59509,0.0573
0.965,0.65126,0.20591,0.17147,3.59285,0.05731
0.966,0.65079,0.20582,0.17132,3.5906,0.05732
0.967,0.65032,0.20572,0.17117,3.58835,0.05733
0.968,0.64984,0.20562,0.17102,3.58609,0.05734
0.969,0.64937,0.20553,0.17087,3.58383,0.05735
0.97,0.64889,0.20543,0.17073,3.58157,0.05736
0.971,0.64842,0.20534,0.17058,3.5793,0.05737
0.972,0.64794,0.20524,0.17043,3.57704,0.05738
0.973,0.64747,0.20515,0.17028,3.57476,0.05739
0.974,0.64699,0.20505,0.17014,3.57249,0.0574
0.975,0.64651,0.20495,0.16999,3.57021,0.05741
0.976,0.64603,0.20486,0.16984,3.56793,0.05742
0.977,0.64555,0.20477,0.16969,3.56565,0.05743
0.978,0.64507,0.20467,0.16955,3.56336,0.05744
0.979,0.64459,0.20458,0.1694,3.56107,0.05745
0.98,0.64411,0.20448,0.16925,3.55877,0.05746
0.981,0.64363,0.20439,0.16911,3.55648,0.05747
0.982,0.64315,0.20429,0.16896,3.55418,0.05748
0.983,0.64267,0.2042,0.16881,3.55187,0.05749
0.984,0.64219,0.2041,0.16867,3.54957,0.0575
0.985,0.6417,0.20401,0.16852,3.54759,0.05751
0.986,0.64122,0.20392,0.16838,3.54564,0.05751
0.987,0.64074,0.20382,0.16823,3.54369,0.05752
0.988,0.64025,0.20373,0.16808,3.54174,0.05752
0.989,0.63977,0.20364,0.16794,3.53979,0.05753
0.99,0.63928,0.20354,0.16779,3.53783,0.05753
0.991,0.63879,0.20345,0.16765,3.53587,0.05754
0.992,0.63831,0.20336,0.1675,3.53391,0.05754
0.993,0.63782,0.20326,0.16735,3.53195,0.05755
0.994,0.63733,0.20317,0.16721,3.52998,0.05756
0.995,0.63684,0.20308,0.16706,3.52802,0.05756
0.996,0.63635,0.20299,0.16692,3.52605,0.05757
0.997,0.63586,0.20289,0.16677,3.52407,0.05757
0.998,0.63537,0.2028,0.16663,3.5221,0.05758
0.999,0.63488,0.20271,0.16648,3.52012,0.05759
1,0.63439,0.20262,0.16634,3.51814,0.05759
1.001,0.63389,0.20253,0.16619,3.51616,0.0576
1.002,0.6334,0.20243,0.16605,3.51418,0.0576
1.003,0.63291,0.20234,0.1659,3.51219,0.05761
1.004,0.63241,0.20225,0.16576,3.51021,0.05762
1.005,0.63192,0.20216,0.16561,3.50822,0.05762
1.006,0.63142,0.20207,0.16547,3.50622,0.05763
1.007,0.63093,0.20198,0.16532,3.50423,0.05764
1.008,0.63043,0.20189,0.16518,3.50223,0.05764
1.009,0.62993,0.20179,0.16503,3.50023,0.05765
1.01,0.62944,0.2017,0.16489,3.49823,0.05766
1.011,0.62894,0.20161,0.16474,3.49623,0.05767
1.012,0.62844,0.20152,0.1646,3.49422,0.05767
1.013,0.62794,0.20143,0.16446,3.49221,0.05768
1.014,0.62744,0.20134,0.16431,3.4902,0.05769
1.015,0.62694,0.20125,0.16417,3.48819,0.05769
1.016,0.62644,0.20116,0.16402,3.48617,0.0577
1.017,0.62593,0.20107,0.16388,3.48416,0.05771
1.018,0.62543,0.20098,0.16373,3.48214,0.05772
1.019,0.62493,0.20089,0.16359,3.48011,0.05773
1.02,0.62442,0.2008,0.16345,3.47809,0.05773
1.021,0.62392,0.20071,0.1633,3.47606,0.05774
1.022,0.62341,0.20062,0.16316,3.47404,0.05775
1.023,0.62291,0.20053,0.16301,3.472,0.05776
1.024,0.6224,0.20044,0.16287,3.46997,0.05776
1.025,0.62189,0.20035,0.16273,3.46794,0.05777
1.026,0.62139,0.20026,0.16258,3.4659,0.05778
1.027,0.62088,0.20017,0.16244,3.46386,0.05779
1.028,0.62037,0.20008,0.1623,3.46182,0.0578
1.029,0.61986,0.2,0.16215,3.45977,0.05781
1.03,0.61935,0.19991,0.16201,3.45773,0.05781
1.031,0.61884,0.19982,0.16187,3.45568,0.05782
1.032,0.61832,0.19973,0.16172,3.45363,0.05783
1.033,0.61781,0.19964,0.16158,3.45157,0.05784
1.034,0.6173,0.19955,0.16143,3.44952,0.05785
1.035,0.61679,0.19946,0.16129,3.44746,0.05786
1.036,0.61627,0.19938,0.16115,3.4454,0.05787
1.037,0.61576,0.19929,0.161,3.44361,0.05787
1.038,0.61524,0.1992,0.16086,3.44188,0.05788
1.039,0.61472,0.19911,0.16072,3.44015,0.05788
1.04,0.61421,0.19902,0.16057,3.43842,0.05788
1.041,0.61369,0.19894,0.16043,3.43669,0.05789
1.042,0.61317,0.19885,0.16029,3.43496,0.05789
1.043,0.61265,0.19876,0.16015,3.43322,0.05789
1.044,0.61213,0.19867,0.16,3.43149,0.0579
1.045,0.61161,0.19858,0.15986,3.42975,0.0579
1.046,0.61109,0.1985,0.15972,3.42801,0.0579
1.047,0.61057,0.19841,0.15957,3.42627,0.05791
1.048,0.61005,0.19832,0.15943,3.42453,0.05791
1.049,0.60952,0.19824,0.15929,3.42278,0.05792
1.05,0.609,0.19815,0.15914,3.42104,0.05792
1.051,0.60847,0.19806,0.159,3.41929,0.05792
1.052,0.60795,0.19797,0.15886,3.41755,0.05793
1.053,0.60742,0.19789,0.15871,3.4158,0.05793
1.054,0.6069,0.1978,0.15857,3.41405,0.05794
1.055,0.60637,0.19771,0.15843,3.4123,0.05794
1.056,0.60584,0.19763,0.15829,3.41054,0.05795
1.057,0.60531,0.19754,0.15814,3.40879,0.05795
1.058,0.60478,0.19745,0.158,3.40703,0.05795
1.059,0.60425,0.19737,0.15786,3.40527,0.05796
1.06,0.60372,0.19728,0.15771,3.40351,0.05796
1.061,0.60319,0.1972,0.15757,3.40175,0.05797
1.062,0.60266,0.19711,0.15743,3.39999,0.05797
1.063,0.60212,0.19702,0.15728,3.39823,0.05798
1.064,0.60159,0.19694,0.15714,3.39646,0.05798
1.065,0.60106,0.19685,0.157,3.3947,0.05799
1.066,0.60052,0.19677,0.15686,3.39293,0.05799
1.067,0.59998,0.19668,0.15671,3.39116,0.058
1.068,0.59945,0.19659,0.15657,3.38939,0.058
1.069,0.59891,0.19651,0.15643,3.38762,0.05801
1.07,0.59837,0.19642,0.15628,3.38585,0.05801
1.071,0.59783,0.19634,0.15614,3.38407,0.05802
1.072,0.59729,0.19625,0.156,3.3823,0.05802
1.073,0.59675,0.19617,0.15585,3.38052,0.05803
1.074,0.59621,0.19608,0.15571,3.37874,0.05803
1.075,0.59567,0.196,0.15557,3.37696,0.05804
1.076,0.59513,0.19591,0.15542,3.37518,0.05804
1.077,0.59458,0.19583,0.15528,3.3734,0.05805
1.078,0.59404,0.19574,0.15514,3.37162,0.05806
1.079,0.59349,0.19566,0.15499,3.36983,0.05806
1.08,0.59295,0.19557,0.15485,3.36805,0.05807
1.081,0.5924,0.19549,0.15471,3.36626,0.05807
1.082,0.59185,0.1954,0.15456,3.36447,0.05808
1.083,0.59131,0.19532,0.15442,3.36268,0.05808
1.084,0.59076,0.19523,0.15428,3.36089,0.05809
1.085,0.59021,0.19515,0.15413,3.3591,0.0581
1.086,0.58966,0.19506,0.15399,3.3573,0.0581
1.087,0.5891,0.19498,0.15385,3.35551,0.05811
1.088,0.58855,0.19489,0.1537,3.35371,0.05811
1.089,0.588,0.19481,0.15356,3.35191,0.05812
1.09,0.58745,0.19472,0.15342,3.35011,0.05812
1.091,0.58689,0.19464,0.15327,3.34831,0.05813
1.092,0.58634,0.19456,0.15313,3.34651,0.05814
1.093,0.58578,0.19447,0.15299,3.34471,0.05814
1.094,0.58522,0.19439,0.15284,3.34291,0.05815
1.095,0.58466,0.1943,0.1527,3.3411,0.05816
1.096,0.58411,0.19422,0.15255,3.33951,0.05816
1.097,0.58355,0.19414,0.15241,3.33801,0.05816
1.098,0.58299,0.19405,0.15227,3.33651,0.05816
1.099,0.58243,0.19397,0.15212,3.335,0.05816
1.1,0.58186,0.19388,0.15198,3.3335,0.05816
1.101,0.58139,0.1938,0.15183,3.33309,0.05814
1.102,0.58083,0.19372,0.15169,3.33141,0.05815
1.103,0.58027,0.19363,0.15155,3.32972,0.05815
1.104,0.5797,0.19355,0.1514,3.32803,0.05816
1.105,0.57913,0.19347,0.15126,3.32635,0.05816
1.106,0.57857,0.19338,0.15111,3.32466,0.05817
1.107,0.578,0.1933,0.15097,3.32297,0.05817
1.108,0.57743,0.19322,0.15082,3.32128,0.05818
1.109,0.57686,0.19313,0.15068,3.31959,0.05818
1.11,0.57629,0.19305,0.15053,3.31789,0.05818
1.111,0.57572,0.19297,0.15039,3.3162,0.05819
1.112,0.57515,0.19288,0.15025,3.31451,0.05819
1.113,0.57457,0.1928,0.1501,3.31281,0.0582
1.114,0.574,0.19272,0.14996,3.31111,0.0582
1.115,0.57342,0.19263,0.14981,3.30942,0.05821
1.116,0.57285,0.19255,0.14967,3.30772,0.05821
1.117,0.57227,0.19247,0.14952,3.30602,0.05822
1.118,0.57169,0.19238,0.14937,3.30432,0.05822
1.119,0.57112,0.1923,0.14923,3.30262,0.05823
1.12,0.57054,0.19222,0.14908,3.30104,0.05823
1.121,0.56996,0.19214,0.14894,3.29962,0.05823
1.122,0.56937,0.19205,0.14879,3.2982,0.05823
1.123,0.56879,0.19197,0.14865,3.29677,0.05823
1.124,0.56821,0.19189,0.1485,3.29535,0.05823
1.125,0.56763,0.1918,0.14836,3.29393,0.05823
1.126,0.56704,0.19172,0.14821,3.2925,0.05823
1.127,0.56645,0.19164,0.14806,3.29108,0.05823
1.128,0.56587,0.19156,0.14792,3.28965,0.05823
1.129,0.56528,0.19147,0.14777,3.28823,0.05823
1.13,0.56469,0.19139,0.14762,3.2868,0.05823
1.131,0.5641,0.19131,0.14748,3.28537,0.05823
1.132,0.56351,0.19123,0.14733,3.28395,0.05823
1.133,0.56292,0.19114,0.14718,3.28252,0.05823
1.134,0.56233,0.19106,0.14704,3.28109,0.05823
1.135,0.56173,0.19098,0.14689,3.27967,0.05823
1.136,0.56114,0.19089,0.14674,3.27824,0.05823
1.137,0.56054,0.19081,0.1466,3.27681,0.05823
1.138,0.55995,0.19073,0.14645,3.27538,0.05823
1.139,0.55935,0.19065,0.1463,3.27395,0.05823
1.14,0.55875,0.19057,0.14615,3.27252,0.05823
1.141,0.55815,0.19048,0.14601,3.27109,0.05823
1.142,0.55755,0.1904,0.14586,3.26966,0.05823
1.143,0.55695,0.19032,0.14571,3.26823,0.05823
1.144,0.55635,0.19024,0.14556,3.2668,0.05823
1.145,0.55575,0.19015,0.14541,3.26537,0.05823
1.146,0.55514,0.19007,0.14527,3.26394,0.05823
1.147,0.55454,0.18999,0.14512,3.26251,0.05823
1.148,0.55393,0.18991,0.14497,3.26108,0.05823
1.149,0.55332,0.18982,0.14482,3.25965,0.05823
1.15,0.55271,0.18974,0.14467,3.25822,0.05824
1.151,0.5521,0.18966,0.14452,3.25678,0.05824
1.152,0.55149,0.18958,0.14437,3.25535,0.05824
1.153,0.55088,0.1895,0.14422,3.25392,0.05824
1.154,0.55027,0.18941,0.14408,3.25249,0.05824
1.155,0.54966,0.18933,0.14393,3.25105,0.05824
1.156,0.54904,0.18925,0.14378,3.24962,0.05824
1.157,0.54843,0.18917,0.14363,3.24819,0.05824
1.158,0.54781,0.18909,0.14348,3.24675,0.05824
1.159,0.54719,0.189,0.14333,3.24532,0.05824
1.16,0.54657,0.18892,0.14318,3.24389,0.05824
1.161,0.54595,0.18884,0.14303,3.24245,0.05824
1.162,0.54533,0.18876,0.14287,3.24102,0.05824
1.163,0.54471,0.18867,0.14272,3.23958,0.05824
1.164,0.54409,0.18859,0.14257,3.23815,0.05824
1.165,0.54346,0.18851,0.14242,3.23671,0.05824
1.166,0.54284,0.18843,0.14227,3.23528,0.05824
1.167,0.54221,0.18835,0.14212,3.23384,0.05824
1.168,0.54158,0.18826,0.14197,3.23241,0.05824
1.169,0.54095,0.18818,0.14182,3.23097,0.05824
1.17,0.54032,0.1881,0.14166,3.22954,0.05824
1.171,0.53969,0.18802,0.14151,3.2281,0.05824
1.172,0.53906,0.18794,0.14136,3.22667,0.05824
1.173,0.53843,0.18785,0.14121,3.22523,0.05824
1.174,0.53779,0.18777,0.14105,3.2238,0.05825
1.175,0.53716,0.18769,0.1409,3.22236,0.05825
1.176,0.53652,0.18761,0.14075,3.22093,0.05825
1.177,0.53588,0.18753,0.1406,3.21949,0.05825
1.178,0.53524,0.18744,0.14044,3.21806,0.05825
1.179,0.5346,0.18736,0.14029,3.21662,0.05825
1.18,0.53396,0.18728,0.14013,3.21519,0.05825
1.181,0.53332,0.1872,0.13998,3.21375,0.05825
1.182,0.53268,0.18711,0.13983,3.21231,0.05825
1.183,0.53203,0.18703,0.13967,3.21088,0.05825
1.184,0.53138,0.18695,0.13952,3.20944,0.05825
1.185,0.53074,0.18687,0.13936,3.20801,0.05825
1.186,0.53009,0.18679,0.13921,3.20657,0.05825
1.187,0.52944,0.1867,0.13905,3.20514,0.05825
1.188,0.52879,0.18662,0.1389,3.2037,0.05825
1.189,0.52814,0.18654,0.13874,3.20227,0.05825
1.19,0.52748,0.18646,0.13858,3.20096,0.05825
1.191,0.52683,0.18637,0.13843,3.19977,0.05825
1.192,0.52617,0.18629,0.13827,3.19858,0.05824
1.193,0.52551,0.18621,0.13812,3.1974,0.05824
1.194,0.52486,0.18613,0.13796,3.19621,0.05823
1.195,0.5242,0.18605,0.1378,3.19502,0.05823
1.196,0.52353,0.18596,0.13764,3.19383,0.05823
1.197,0.52287,0.18588,0.13749,3.19264,0.05822
1.198,0.52221,0.1858,0.13733,3.19145,0.05822
1.199,0.52154,0.18572,0.13717,3.19027,0.05821
1.2,0.52088,0.18563,0.13701,3.18908,0.05821
1.201,0.52021,0.18555,0.13685,3.18789,0.05821
1.202,0.51954,0.18547,0.13669,3.18671,0.0582
1.203,0.51887,0.18539,0.13654,3.18552,0.0582
1.204,0.5182,0.1853,0.13638,3.18434,0.05819
1.205,0.51753,0.18522,0.13622,3.18315,0.05819
1.206,0.51685,0.18514,0.13606,3.18197,0.05818
1.207,0.51618,0.18506,0.1359,3.18079,0.05818
1.208,0.5155,0.18497,0.13574,3.1796,0.05818
1.209,0.51482,0.18489,0.13558,3.17842,0.05817
1.21,0.51414,0.18481,0.13542,3.17724,0.05817
1.211,0.51346,0.18473,0.13525,3.17606,0.05816
1.212,0.51278,0.18464,0.13509,3.17487,0.05816
1.213,0.51209,0.18456,0.13493,3.17369,0.05815
1.214,0.51141,0.18448,0.13477,3.17251,0.05815
1.215,0.51072,0.18439,0.13461,3.17133,0.05814
1.216,0.51003,0.18431,0.13444,3.17015,0.05814
1.217,0.50935,0.18423,0.13428,3.16898,0.05814
1.218,0.50865,0.18415,0.13412,3.1678,0.05813
1.219,0.50796,0.18406,0.13395,3.16662,0.05813
1.22,0.50727,0.18398,0.13379,3.16544,0.05812
1.221,0.50657,0.1839,0.13363,3.16427,0.05812
1.222,0.50588,0.18381,0.13346,3.16309,0.05811
1.223,0.50518,0.18373,0.1333,3.16191,0.05811
1.224,0.50448,0.18365,0.13313,3.16074,0.0581
1.225,0.50378,0.18356,0.13297,3.15957,0.0581
1.226,0.50308,0.18348,0.1328,3.15839,0.05809
1.227,0.50237,0.1834,0.13264,3.15722,0.05809
1.228,0.50167,0.18331,0.13247,3.15605,0.05808
1.229,0.50096,0.18323,0.1323,3.15487,0.05808
1.23,0.50025,0.18315,0.13214,3.1537,0.05807
1.231,0.49954,0.18306,0.13197,3.15253,0.05807
1.232,0.49883,0.18298,0.1318,3.15136,0.05806
1.233,0.49812,0.1829,0.13163,3.15019,0.05806
1.234,0.4974,0.18281,0.13147,3.14903,0.05805
1.235,0.49668,0.18273,0.1313,3.14786,0.05805
1.236,0.49597,0.18265,0.13113,3.14669,0.05804
1.237,0.49525,0.18256,0.13096,3.14552,0.05804
1.238,0.49453,0.18248,0.13079,3.14436,0.05803
1.239,0.4938,0.18239,0.13062,3.14319,0.05803
1.24,0.49308,0.18231,0.13045,3.14203,0.05802
1.241,0.49235,0.18223,0.13028,3.14087,0.05802
1.242,0.49163,0.18214,0.13011,3.1397,0.05801
1.243,0.4909,0.18206,0.12994,3.13854,0.05801
1.244,0.49017,0.18197,0.12976,3.13738,0.058
1.245,0.48943,0.18189,0.12959,3.13622,0.058
1.246,0.4887,0.1818,0.12942,3.13506,0.05799
1.247,0.48796,0.18172,0.12925,3.1339,0.05799
1.248,0.48723,0.18164,0.12907,3.13274,0.05798
1.249,0.48649,0.18155,0.1289,3.13159,0.05797
1.25,0.48575,0.18147,0.12873,3.13043,0.05797
1.251,0.485,0.18138,0.12855,3.12928,0.05796
1.252,0.48426,0.1813,0.12838,3.12812,0.05796
1.253,0.48351,0.18121,0.1282,3.12697,0.05795
1.254,0.48277,0.18113,0.12803,3.12582,0.05795
1.255,0.48202,0.18104,0.12785,3.12466,0.05794
1.256,0.48127,0.18096,0.12767,3.12351,0.05793
1.257,0.48051,0.18087,0.1275,3.12236,0.05793
1.258,0.47976,0.18079,0.12732,3.12121,0.05792
1.259,0.479,0.1807,0.12714,3.12007,0.05792
1.26,0.47824,0.18062,0.12696,3.11892,0.05791
1.261,0.47748,0.18053,0.12678,3.11777,0.0579
1.262,0.47672,0.18045,0.12661,3.11663,0.0579
1.263,0.47596,0.18036,0.12643,3.11548,0.05789
1.264,0.47519,0.18028,0.12625,3.11434,0.05789
1.265,0.47442,0.18019,0.12607,3.1132,0.05788
1.266,0.47365,0.18011,0.12589,3.11206,0.05787
1.267,0.47288,0.18002,0.1257,3.11091,0.05787
1.268,0.47211,0.17993,0.12552,3.10978,0.05786
1.269,0.47133,0.17985,0.12534,3.10864,0.05785
1.27,0.47056,0.17976,0.12516,3.1075,0.05785
1.271,0.46978,0.17968,0.12497,3.10636,0.05784
1.272,0.469,0.17959,0.12479,3.10523,0.05783
1.273,0.46822,0.1795,0.12461,3.1041,0.05783
1.274,0.46743,0.17942,0.12442,3.10296,0.05782
1.275,0.46664,0.17933,0.12424,3.10183,0.05781
1.276,0.46585,0.17924,0.12405,3.10085,0.0578
1.277,0.46506,0.17916,0.12387,3.09992,0.05779
1.278,0.46427,0.17907,0.12368,3.099,0.05778
1.279,0.46348,0.17898,0.12349,3.09807,0.05777
1.28,0.46268,0.1789,0.1233,3.09715,0.05776
1.281,0.46188,0.17881,0.12312,3.09622,0.05775
1.282,0.46108,0.17872,0.12293,3.0953,0.05774
1.283,0.46028,0.17864,0.12274,3.09438,0.05773
1.284,0.45947,0.17855,0.12255,3.09346,0.05772
1.285,0.45866,0.17846,0.12236,3.09254,0.05771
1.286,0.45786,0.17838,0.12217,3.09163,0.0577
1.287,0.45704,0.17829,0.12198,3.09071,0.05769
1.288,0.45623,0.1782,0.12178,3.08979,0.05767
1.289,0.45541,0.17811,0.12159,3.08888,0.05766
1.29,0.4546,0.17803,0.1214,3.08797,0.05765
1.291,0.45378,0.17794,0.12121,3.08706,0.05764
1.292,0.45295,0.17785,0.12101,3.08615,0.05763
1.293,0.45213,0.17776,0.12082,3.08524,0.05762
1.294,0.4513,0.17767,0.12062,3.08433,0.05761
1.295,0.45047,0.17759,0.12043,3.08342,0.05759
1.296,0.44964,0.1775,0.12023,3.08252,0.05758
1.297,0.44881,0.17741,0.12003,3.08162,0.05757
1.298,0.44797,0.17732,0.11984,3.08071,0.05756
1.299,0.44713,0.17723,0.11964,3.07981,0.05755
1.3,0.44629,0.17714,0.11944,3.07891,0.05753
1.301,0.44545,0.17705,0.11924,3.07801,0.05752
1.302,0.44461,0.17696,0.11904,3.07712,0.05751
1.303,0.44376,0.17688,0.11884,3.07622,0.0575
1.304,0.44291,0.17679,0.11864,3.07533,0.05749
1.305,0.44206,0.1767,0.11843,3.07443,0.05747
1.306,0.4412,0.17661,0.11823,3.07354,0.05746
1.307,0.44034,0.17652,0.11803,3.07265,0.05745
1.308,0.43948,0.17643,0.11783,3.07176,0.05744
1.309,0.43862,0.17634,0.11762,3.07088,0.05742
1.31,0.43776,0.17625,0.11742,3.06999,0.05741
1.311,0.43689,0.17616,0.11721,3.06911,0.0574
1.312,0.43602,0.17607,0.117,3.06822,0.05738
1.313,0.43515,0.17598,0.1168,3.06734,0.05737
1.314,0.43427,0.17589,0.11659,3.06646,0.05736
1.315,0.4334,0.1758,0.11638,3.06558,0.05735
1.316,0.43252,0.17571,0.11617,3.06471,0.05733
1.317,0.43163,0.17562,0.11596,3.06383,0.05732
1.318,0.43075,0.17553,0.11575,3.06296,0.05731
1.319,0.42986,0.17544,0.11554,3.06208,0.05729
1.32,0.42897,0.17535,0.11533,3.06121,0.05728
1.321,0.42808,0.17525,0.11511,3.06034,0.05727
1.322,0.42718,0.17516,0.1149,3.05948,0.05725
1.323,0.42628,0.17507,0.11469,3.05861,0.05724
1.324,0.42538,0.17498,0.11447,3.05775,0.05723
1.325,0.42448,0.17489,0.11426,3.05688,0.05721
1.326,0.42357,0.1748,0.11404,3.05602,0.0572
1.327,0.42266,0.1747,0.11382,3.05516,0.05718
1.328,0.42175,0.17461,0.1136,3.0543,0.05717
1.329,0.42083,0.17452,0.11338,3.05345,0.05716
1.33,0.41992,0.17443,0.11316,3.05259,0.05714
1.331,0.41899,0.17434,0.11294,3.05174,0.05713
1.332,0.41807,0.17424,0.11272,3.05089,0.05711
1.333,0.41714,0.17415,0.1125,3.05004,0.0571
1.334,0.41621,0.17406,0.11228,3.04919,0.05708
1.335,0.41528,0.17396,0.11205,3.04834,0.05707
1.336,0.41434,0.17387,0.11183,3.0475,0.05705
1.337,0.41341,0.17378,0.1116,3.04665,0.05704
1.338,0.41246,0.17368,0.11138,3.04581,0.05702
1.339,0.41152,0.17359,0.11115,3.04497,0.05701
1.34,0.41057,0.1735,0.11092,3.04413,0.05699
1.341,0.40962,0.1734,0.11069,3.0433,0.05698
1.342,0.40866,0.17331,0.11046,3.04246,0.05696
1.343,0.40771,0.17322,0.11023,3.04163,0.05695
1.344,0.40674,0.17312,0.11,3.0408,0.05693
1.345,0.40578,0.17303,0.10977,3.03997,0.05692
1.346,0.40481,0.17293,0.10954,3.03914,0.0569
1.347,0.40384,0.17284,0.1093,3.03832,0.05689
1.348,0.40287,0.17274,0.10907,3.03749,0.05687
1.349,0.40189,0.17265,0.10883,3.03667,0.05685
1.35,0.40091,0.17255,0.10859,3.03585,0.05684
1.351,0.39993,0.17246,0.10835,3.03503,0.05682
1.352,0.39894,0.17236,0.10811,3.03422,0.05681
1.353,0.39795,0.17227,0.10787,3.0334,0.05679
1.354,0.39695,0.17217,0.10763,3.03259,0.05677
1.355,0.39595,0.17208,0.10739,3.03178,0.05676
1.356,0.39495,0.17198,0.10715,3.03097,0.05674
1.357,0.39395,0.17188,0.1069,3.03017,0.05672
1.358,0.39294,0.17179,0.10666,3.02936,0.05671
1.359,0.39193,0.17169,0.10641,3.02856,0.05669
1.36,0.39091,0.17159,0.10617,3.02776,0.05667
1.361,0.38989,0.1715,0.10592,3.02696,0.05666
1.362,0.38887,0.1714,0.10567,3.02616,0.05664
1.363,0.38784,0.1713,0.10542,3.02537,0.05662
1.364,0.38681,0.1712,0.10517,3.02458,0.0566
1.365,0.38577,0.17111,0.10491,3.02378,0.05659
1.366,0.38473,0.17101,0.10466,3.023,0.05657
1.367,0.38369,0.17091,0.1044,3.02221,0.05655
1.368,0.38264,0.17081,0.10415,3.02143,0.05653
1.369,0.38159,0.17072,0.10389,3.02064,0.05652
1.37,0.38054,0.17062,0.10363,3.01986,0.0565
1.371,0.37948,0.17052,0.10337,3.01908,0.05648
1.372,0.37842,0.17042,0.10311,3.01831,0.05646
1.373,0.37735,0.17032,0.10285,3.01754,0.05644
1.374,0.37628,0.17022,0.10259,3.01676,0.05643
1.375,0.3752,0.17012,0.10232,3.01599,0.05641
1.376,0.37412,0.17002,0.10206,3.01523,0.05639
1.377,0.37304,0.16992,0.10179,3.01446,0.05637
1.378,0.37195,0.16982,0.10152,3.0137,0.05635
1.379,0.37086,0.16972,0.10125,3.01294,0.05633
1.38,0.36976,0.16962,0.10098,3.01218,0.05631
1.381,0.36866,0.16952,0.10071,3.01142,0.05629
1.382,0.36756,0.16942,0.10044,3.01067,0.05627
1.383,0.36644,0.16932,0.10016,3.00992,0.05625
1.384,0.36533,0.16922,0.09989,3.00917,0.05624
1.385,0.36421,0.16912,0.09961,3.00842,0.05622
1.386,0.36309,0.16902,0.09933,3.00767,0.0562
1.387,0.36196,0.16892,0.09905,3.00693,0.05618
1.388,0.36082,0.16882,0.09877,3.00619,0.05616
1.389,0.35968,0.16871,0.09849,3.00545,0.05614
1.39,0.35854,0.16861,0.0982,3.00472,0.05612
1.391,0.35739,0.16851,0.09792,3.00398,0.0561
1.392,0.35624,0.16841,0.09763,3.00325,0.05608
1.393,0.35508,0.16831,0.09734,3.00252,0.05605
1.394,0.35392,0.1682,0.09705,3.0018,0.05603
1.395,0.35275,0.1681,0.09676,3.00116,0.05601
1.396,0.35157,0.168,0.09647,3.00057,0.05599
1.397,0.35039,0.16789,0.09617,2.99999,0.05596
1.398,0.34921,0.16779,0.09587,2.99941,0.05594
1.399,0.34802,0.16769,0.09558,2.99883,0.05592
1.4,0.34682,0.16758,0.09528,2.99825,0.05589
1.401,0.34562,0.16748,0.09497,2.99768,0.05587
1.402,0.34442,0.16737,0.09467,2.9971,0.05584
1.403,0.3432,0.16727,0.09437,2.99653,0.05582
1.404,0.34199,0.16716,0.09406,2.99596,0.0558
1.405,0.34076,0.16706,0.09375,2.9954,0.05577
1.406,0.33953,0.16695,0.09344,2.99483,0.05575
1.407,0.3383,0.16685,0.09313,2.99427,0.05572
1.408,0.33706,0.16674,0.09282,2.99371,0.0557
1.409,0.33581,0.16664,0.0925,2.99316,0.05567
1.41,0.33456,0.16653,0.09219,2.9926,0.05565
1.411,0.3333,0.16642,0.09187,2.99205,0.05562
1.412,0.33203,0.16632,0.09155,2.9915,0.0556
1.413,0.33076,0.16621,0.09123,2.99095,0.05557
1.414,0.32948,0.1661,0.0909,2.9904,0.05555
1.415,0.3282,0.166,0.09058,2.98986,0.05552
1.416,0.32691,0.16589,0.09025,2.98932,0.05549
1.417,0.32561,0.16578,0.08992,2.98878,0.05547
1.418,0.3243,0.16567,0.08959,2.98824,0.05544
1.419,0.32299,0.16557,0.08925,2.98771,0.05542
1.42,0.32167,0.16546,0.08891,2.98717,0.05539
1.421,0.32035,0.16535,0.08858,2.98664,0.05536
1.422,0.31902,0.16524,0.08824,2.98612,0.05534
1.423,0.31768,0.16513,0.08789,2.98559,0.05531
1.424,0.31633,0.16502,0.08755,2.98507,0.05528
1.425,0.31497,0.16491,0.0872,2.98455,0.05526
1.426,0.31361,0.1648,0.08685,2.98403,0.05523
1.427,0.31224,0.16469,0.0865,2.98351,0.0552
1.428,0.31087,0.16458,0.08615,2.983,0.05517
1.429,0.30948,0.16447,0.08579,2.98249,0.05515
1.43,0.30809,0.16436,0.08543,2.98198,0.05512
1.431,0.30669,0.16425,0.08507,2.98147,0.05509
1.432,0.30528,0.16414,0.08471,2.98097,0.05506
1.433,0.30386,0.16403,0.08434,2.98047,0.05503
1.434,0.30244,0.16392,0.08397,2.97997,0.05501
1.435,0.301,0.1638,0.0836,2.97947,0.05498
1.436,0.29956,0.16369,0.08323,2.97898,0.05495
1.437,0.29811,0.16358,0.08285,2.97849,0.05492
1.438,0.29665,0.16347,0.08248,2.978,0.05489
1.439,0.29518,0.16336,0.08209,2.97751,0.05486
1.44,0.2937,0.16324,0.08171,2.97703,0.05483
1.441,0.29221,0.16313,0.08132,2.97654,0.0548
1.442,0.29072,0.16302,0.08093,2.97607,0.05478
1.443,0.28921,0.1629,0.08054,2.97559,0.05475
1.444,0.28769,0.16279,0.08014,2.97511,0.05472
1.445,0.28617,0.16267,0.07975,2.97464,0.05469
1.446,0.28463,0.16256,0.07934,2.97417,0.05466
1.447,0.28308,0.16244,0.07894,2.97371,0.05463
1.448,0.28153,0.16233,0.07853,2.97324,0.0546
1.449,0.27996,0.16221,0.07812,2.97278,0.05457
1.45,0.27838,0.1621,0.07771,2.97233,0.05454
1.451,0.27679,0.16198,0.07729,2.97187,0.05451
1.452,0.27519,0.16187,0.07687,2.97142,0.05447
1.453,0.27358,0.16175,0.07644,2.97097,0.05444
1.454,0.27196,0.16163,0.07602,2.97052,0.05441
1.455,0.27032,0.16152,0.07558,2.97007,0.05438
1.456,0.26867,0.1614,0.07515,2.96963,0.05435
1.457,0.26701,0.16128,0.07471,2.96919,0.05432
1.458,0.26534,0.16116,0.07427,2.96875,0.05429
1.459,0.26366,0.16105,0.07382,2.96832,0.05426
1.46,0.26196,0.16093,0.07337,2.96789,0.05422
1.461,0.26025,0.16081,0.07292,2.96746,0.05419
1.462,0.25852,0.16069,0.07246,2.96703,0.05416
1.463,0.25678,0.16057,0.072,2.96661,0.05413
1.464,0.25503,0.16045,0.07153,2.96619,0.05409
1.465,0.25326,0.16033,0.07106,2.96577,0.05406
1.466,0.25148,0.16021,0.07058,2.96535,0.05403
1.467,0.24968,0.16009,0.0701,2.96494,0.054
1.468,0.24787,0.15997,0.06962,2.96453,0.05396
1.469,0.24604,0.15985,0.06913,2.96413,0.05393
1.47,0.2442,0.15973,0.06864,2.96372,0.0539
1.471,0.24234,0.15961,0.06814,2.96332,0.05386
1.472,0.24046,0.15949,0.06763,2.96292,0.05383
1.473,0.23857,0.15937,0.06712,2.96253,0.05379
1.474,0.23666,0.15924,0.06661,2.96213,0.05376
1.475,0.23473,0.15912,0.06609,2.96174,0.05373
1.476,0.23278,0.159,0.06557,2.96136,0.05369
1.477,0.23081,0.15888,0.06503,2.96097,0.05366
1.478,0.22882,0.15875,0.0645,2.96059,0.05362
1.479,0.22682,0.15863,0.06395,2.96021,0.05359
1.48,0.22479,0.1585,0.0634,2.95984,0.05355
1.481,0.22274,0.15838,0.06285,2.95947,0.05352
1.482,0.22067,0.15826,0.06229,2.9591,0.05348
1.483,0.21858,0.15813,0.06172,2.95873,0.05345
1.484,0.21646,0.15801,0.06114,2.95837,0.05341
1.485,0.21432,0.15788,0.06056,2.95801,0.05337
1.486,0.21216,0.15776,0.05997,2.95765,0.05334
1.487,0.20997,0.15763,0.05937,2.95729,0.0533
1.488,0.20775,0.1575,0.05877,2.95694,0.05327
1.489,0.20551,0.15738,0.05815,2.95659,0.05323
1.49,0.20324,0.15725,0.05753,2.95625,0.05319
1.491,0.20094,0.15712,0.0569,2.95591,0.05316
1.492,0.19861,0.15699,0.05626,2.95557,0.05312
1.493,0.19625,0.15687,0.05562,2.95523,0.05308
1.494,0.19386,0.15674,0.05496,2.9549,0.05304
1.495,0.19144,0.15661,0.05429,2.95457,0.05301
1.496,0.18898,0.15648,0.05361,2.95424,0.05297
1.497,0.18648,0.15635,0.05293,2.95392,0.05293
1.498,0.18395,0.15622,0.05223,2.9536,0.05289
1.499,0.18138,0.15609,0.05152,2.95328,0.05285
1.5,0.17877,0.15596,0.05079,2.95296,0.05282
1.501,0.17611,0.15583,0.05006,2.95265,0.05278
1.502,0.17342,0.1557,0.04931,2.95234,0.05274
1.503,0.17067,0.15557,0.04855,2.95204,0.0527
1.504,0.16788,0.15544,0.04777,2.95174,0.05266
1.505,0.16504,0.15531,0.04698,2.95144,0.05262
1.506,0.16214,0.15518,0.04617,2.95114,0.05258
1.507,0.15918,0.15504,0.04535,2.95085,0.05254
1.508,0.15617,0.15491,0.0445,2.95056,0.0525
1.509,0.15309,0.15478,0.04364,2.95027,0.05246
1.51,0.14994,0.15464,0.04276,2.94999,0.05242
1.511,0.14672,0.15451,0.04186,2.94971,0.05238
1.512,0.14343,0.15438,0.04094,2.94943,0.05234
1.513,0.14005,0.15424,0.03999,2.94916,0.0523
1.514,0.13659,0.15411,0.03901,2.94889,0.05226
1.515,0.13303,0.15397,0.03801,2.94862,0.05222
1.516,0.12936,0.15384,0.03698,2.94836,0.05218
1.517,0.12559,0.1537,0.03591,2.9481,0.05214
1.518,0.12169,0.15357,0.03481,2.94784,0.05209
1.519,0.11766,0.15343,0.03367,2.94759,0.05205
1.52,0.11348,0.15329,0.03248,2.94734,0.05201
1.521,0.10913,0.15316,0.03125,2.94709,0.05197
1.522,0.10459,0.15302,0.02996,2.94685,0.05193
1.523,0.09984,0.15288,0.02862,2.94661,0.05188
1.524,0.09485,0.15274,0.02719,2.94637,0.05184
1.525,0.08957,0.1526,0.02569,2.94614,0.0518
1.526,0.08396,0.15246,0.02409,2.94591,0.05175
1.527,0.07793,0.15233,0.02237,2.94568,0.05171
1.528,0.07138,0.15219,0.0205,2.94546,0.05167
1.529,0.06416,0.15205,0.01843,2.94524,0.05162
1.53,0.056,0.15191,0.01609,2.94502,0.05158
1.531,0.04641,0.15176,0.01334,2.94481,0.05154
1.532,0.03422,0.15162,0.00984,2.9446,0.05149
1.533,0.01366,0.15148,0.00393,2.9444,0.05145
1.53313,0.00797,0.15146,0.00229,2.94437,0.05144
1.53319,0.00117,0.15146,0.00034,2.94436,0.05144
