zeta,lambda,M_max,omega_M_max,Q_max,C_eff_max,R99_M_max,B_min
-0.2,-20,0.41053,0.56654,0.714,0.01632,39.11776,-0.001698092
-0.2,-17.5,0.43608,0.56504,0.75885,0.0187,36.68668,-0.002042252
-0.2,-15,0.46706,0.56296,0.81334,0.0219,33.91584,-0.003179261
-0.2,-13.75,0.48522,0.56167,0.84533,0.02396,32.48181,-0.002836862
-0.2,-12.5,0.50565,0.56021,0.88139,0.02644,31.06003,-0.004090976
-0.2,-11.25,0.52886,0.55842,0.92242,0.02951,29.53754,-0.003699435
-0.2,-10,0.55553,0.55616,0.96966,0.0334,27.86844,-0.004307689
-0.2,-9.375,0.57043,0.55491,0.99611,0.03576,27.06077,-0.004677056
-0.2,-8.75,0.58658,0.55355,1.02481,0.03848,26.15663,-0.005098556
-0.2,-8.125,0.60413,0.55184,1.05606,0.04167,25.21786,-0.005590752
-0.2,-7.5,0.62329,0.54992,1.09024,0.04545,24.36894,-0.006160357
-0.2,-6.875,0.64433,0.54774,1.12784,0.05001,23.40611,-0.006837181
-0.2,-6.25,0.66752,0.54533,1.16941,0.05563,22.45785,-0.007639178
-0.2,-5.625,0.69324,0.5423,1.21562,0.06279,21.38438,-0.008602761
-0.2,-5,0.72191,0.53882,1.2673,0.07233,20.30908,-0.009775996
-0.2,-4.375,0.75402,0.535,1.32543,0.08659,19.30844,-0.011217367
-0.2,-3.75,0.79015,0.52997,1.39109,0.09381,18.1326,-0.013004639
-0.2,-3.125,0.83082,0.52435,1.4654,0.09559,17.03695,-0.015239084
-0.2,-2.5,0.87641,0.51807,1.5492,0.09837,16.01419,-0.018021037
-0.2,-1.875,0.92686,0.51125,1.64248,0.10155,15.08468,-0.02142627
-0.2,-1.25,0.98135,0.50486,1.7438,0.10482,14.36238,-0.025433399
-0.2,-0.625,1.0384,0.49927,1.85036,0.108,13.86935,-0.029910071
-0.2,0,1.096389615,0.494797675,1.959008988,0.11098768,13.61733632,-0.034644752
-0.2,5,1.52046,0.48577,2.75525,0.12841,14.55961,-0.070284329
-0.2,10,1.86419,0.48448,3.39898,0.13878,16.1431,-0.098220471
-0.2,15,2.15627,0.4835,3.94477,0.14578,17.64084,-0.121248248
-0.2,20,2.41409,0.48281,4.42584,0.15093,18.99577,-0.141174142
-0.19,-20,0.38668,0.61002,0.62415,0.01688,35.64304,-0.00164804
-0.19,-17.5,0.41066,0.60835,0.66323,0.01934,33.46481,-0.00198271
-0.19,-15,0.43971,0.60611,0.71066,0.02265,31.03325,-0.002449611
-0.19,-13.75,0.45673,0.60469,0.7385,0.02478,29.73304,-0.002750853
-0.19,-12.5,0.47587,0.60294,0.76986,0.02736,28.30189,-0.003122362
-0.19,-11.25,0.49758,0.60111,0.80551,0.03054,27.05808,-0.003584976
-0.19,-10,0.52251,0.59863,0.84652,0.03457,25.53841,-0.004170209
-0.19,-9.375,0.53644,0.59702,0.86947,0.03703,24.64358,-0.004522812
-0.19,-8.75,0.5515,0.5957,0.89433,0.03986,23.9486,-0.004928875
-0.19,-8.125,0.56787,0.59381,0.9214,0.04317,23.09449,-0.00539971
-0.19,-7.5,0.58573,0.59153,0.95098,0.04711,22.2271,-0.005945972
-0.19,-6.875,0.6053,0.58933,0.98348,0.05186,21.44417,-0.006594087
-0.19,-6.25,0.62686,0.58649,1.01936,0.05774,20.50258,-0.007356248
-0.19,-5.625,0.65072,0.58336,1.05919,0.06526,19.59911,-0.008277319
-0.19,-5,0.67727,0.57953,1.10364,0.07538,18.61633,-0.009386599
-0.19,-4.375,0.70693,0.57517,1.15351,0.09163,17.65003,-0.01075049
-0.19,-3.75,0.74019,0.56985,1.20966,0.09403,16.62452,-0.012435392
-0.19,-3.125,0.77748,0.5637,1.27295,0.09599,15.62108,-0.014522596
-0.19,-2.5,0.81907,0.55722,1.34395,0.09877,14.74648,-0.017098073
-0.19,-1.875,0.86484,0.55,1.42253,0.10186,13.91299,-0.020220715
-0.19,-1.25,0.91402,0.54345,1.50742,0.10504,13.29226,-0.023856812
-0.19,-0.625,0.96532,0.53783,1.59637,0.10809,12.87843,-0.027895146
-0.19,0,1.01741,0.53326,1.68692,0.11098,12.63888,-0.032152732
-0.19,5,1.39956,0.52304,2.35277,0.12798,13.4338,-0.064275303
-0.19,10,1.71099,0.5219,2.89409,0.13823,14.90509,-0.089632696
-0.19,15,1.97628,0.52073,3.35417,0.14521,16.24469,-0.110591138
-0.19,20,2.21074,0.52079,3.76019,0.15034,17.49159,-0.128741236
-0.18,-20,0.36899,0.64799,0.56031,0.01743,32.93447,-0.001623772
-0.18,-17.5,0.3918,0.64618,0.59529,0.01998,30.95465,-0.001950867
-0.18,-15,0.4194,0.6438,0.6377,0.02341,28.79203,-0.002402445
-0.18,-13.75,0.43556,0.64211,0.66258,0.02561,27.45019,-0.002699018
-0.18,-12.5,0.45371,0.64036,0.69057,0.02828,26.27903,-0.003059748
-0.18,-11.25,0.47431,0.63808,0.72239,0.03158,24.90874,-0.003510085
-0.18,-10,0.49792,0.63553,0.75895,0.03576,23.63354,-0.004085011
-0.18,-9.375,0.51109,0.63389,0.77939,0.0383,22.87341,-0.004428029
-0.18,-8.75,0.52534,0.63225,0.80152,0.04124,22.12651,-0.004819818
-0.18,-8.125,0.5408,0.63049,0.82559,0.04468,21.44485,-0.005279842
-0.18,-7.5,0.55766,0.62794,0.85188,0.04878,20.64343,-0.005809513
-0.18,-6.875,0.57611,0.62536,0.88072,0.05374,19.84201,-0.006435066
-0.18,-6.25,0.59641,0.62249,0.91253,0.05988,19.05025,-0.007172175
-0.18,-5.625,0.61884,0.6191,0.94778,0.06776,18.21306,-0.00806093
-0.18,-5,0.64374,0.61497,0.98704,0.07857,17.30234,-0.009128979
-0.18,-4.375,0.6715,0.61025,1.03098,0.094,16.40614,-0.010429485
-0.18,-3.75,0.70252,0.60471,1.0803,0.0943,15.49507,-0.012031599
-0.18,-3.125,0.73716,0.59849,1.13566,0.09638,14.62616,-0.014008483
-0.18,-2.5,0.77562,0.59133,1.19745,0.09914,13.76863,-0.016422112
-0.18,-1.875,0.81772,0.58378,1.26547,0.10217,13.01305,-0.019319728
-0.18,-1.25,0.86273,0.5772,1.33859,0.10523,12.47466,-0.022667447
-0.18,-0.625,0.90954,0.57146,1.41495,0.10817,12.10629,-0.026361454
-0.18,0,0.95701,0.56689,1.49258,0.11099,11.90167,-0.030242259
-0.18,5,1.30637,0.55621,2.06518,0.12759,12.62561,-0.05961833
-0.18,10,1.59258,0.55443,2.53318,0.13771,13.91741,-0.082964462
-0.18,15,1.83695,0.55293,2.93188,0.14463,15.19381,-0.102306338
-0.18,20,2.0532,0.5535,3.28418,0.14978,16.30543,-0.119080885
-0.17,-20,0.35542,0.68161,0.51273,0.01799,30.74447,-0.001609346
-0.17,-17.5,0.37731,0.67967,0.54464,0.02062,28.92587,-0.001932024
-0.17,-15,0.40378,0.677,0.5833,0.02416,26.83063,-0.002381024
-0.17,-13.75,0.41926,0.67535,0.60595,0.02644,25.73751,-0.002672459
-0.17,-12.5,0.43665,0.67347,0.63144,0.0292,24.64807,-0.003030528
-0.17,-11.25,0.45636,0.67102,0.66037,0.03261,23.3717,-0.003472647
-0.17,-10,0.47893,0.66813,0.69359,0.03695,22.09392,-0.004028381
-0.17,-9.375,0.49151,0.66647,0.71215,0.03958,21.44577,-0.004367611
-0.17,-8.75,0.50511,0.6647,0.73224,0.04264,20.75015,-0.004756491
-0.17,-8.125,0.51986,0.66236,0.75406,0.04621,20.02555,-0.005204284
-0.17,-7.5,0.53592,0.65989,0.77787,0.05047,19.28704,-0.005722182
-0.17,-6.875,0.55348,0.65734,0.80397,0.05563,18.61943,-0.006332852
-0.17,-6.25,0.57277,0.65405,0.8327,0.06206,17.81446,-0.007051262
-0.17,-5.625,0.59405,0.65042,0.8645,0.07035,17.03846,-0.007913571
-0.17,-5,0.61763,0.64622,0.89985,0.0819,16.24349,-0.008948152
-0.17,-4.375,0.64385,0.64118,0.93931,0.09371,15.4038,-0.010206717
-0.17,-3.75,0.67306,0.63505,0.98346,0.0946,14.51238,-0.011743646
-0.17,-3.125,0.70555,0.62863,1.03282,0.09676,13.73445,-0.013623538
-0.17,-2.5,0.74145,0.62144,1.08767,0.09948,12.98732,-0.015906176
-0.17,-1.875,0.78055,0.61388,1.14772,0.10244,12.3201,-0.018629629
-0.17,-1.25,0.82218,0.60692,1.21198,0.1054,11.80548,-0.02174455
-0.17,-0.625,0.86535,0.60135,1.27888,0.10828,11.49813,-0.025150767
-0.17,0,0.90908,0.59661,1.34682,0.11099,11.30221,-0.028728111
-0.17,5,1.23187,0.58549,1.84939,0.1272,11.96094,-0.055882941
-0.17,10,1.49765,0.58364,2.26226,0.13721,13.16453,-0.077588709
-0.17,15,1.7251,0.58176,2.61482,0.1441,14.31135,-0.095626945
-0.17,20,1.92662,0.58237,2.92671,0.14923,15.35593,-0.11128445
-0.16,-20,0.34473,0.71191,0.47599,0.01854,29.2064,-0.0016036
-0.16,-17.5,0.36589,0.70961,0.50551,0.02126,27.2406,-0.001927999
-0.16,-15,0.39145,0.70683,0.54125,0.02492,25.34145,-0.002370841
-0.16,-13.75,0.4064,0.70507,0.56219,0.02727,24.31791,-0.002659653
-0.16,-12.5,0.42316,0.70307,0.58572,0.03013,23.29641,-0.003013899
-0.16,-11.25,0.44215,0.70046,0.61242,0.03366,22.09823,-0.003451002
-0.16,-10,0.46388,0.69739,0.64305,0.03814,20.89727,-0.004007601
-0.16,-9.375,0.47598,0.69557,0.66014,0.04087,20.26205,-0.004342403
-0.16,-8.75,0.48905,0.69377,0.67862,0.04404,19.60953,-0.004722197
-0.16,-8.125,0.50322,0.6912,0.69869,0.04775,18.92874,-0.005164372
-0.16,-7.5,0.51862,0.6888,0.72057,0.05217,18.3101,-0.005671686
-0.16,-6.875,0.53545,0.68586,0.74453,0.05754,17.60568,-0.006275147
-0.16,-6.25,0.55391,0.68237,0.77087,0.06425,16.84839,-0.006980312
-0.16,-5.625,0.57425,0.67829,0.79997,0.07298,16.06339,-0.00781912
-0.16,-5,0.59673,0.67406,0.83225,0.08548,15.36769,-0.00882627
-0.16,-4.375,0.62167,0.6685,0.8682,0.09369,14.53384,-0.010048289
-0.16,-3.75,0.64936,0.66246,0.9083,0.09492,13.76704,-0.011530773
-0.16,-3.125,0.68005,0.65568,0.95296,0.09716,13.02798,-0.013332972
-0.16,-2.5,0.71381,0.64832,1.00235,0.09982,12.34392,-0.015509475
-0.16,-1.875,0.75041,0.64059,1.05617,0.10269,11.73011,-0.018076553
-0.16,-1.25,0.78921,0.634,1.11352,0.10558,11.30347,-0.020994808
-0.16,-0.625,0.82936,0.62797,1.17306,0.10836,10.98471,-0.024169245
-0.16,0,0.86998,0.62333,1.23345,0.11099,10.81733,-0.0274967
-0.16,5,1.17066,0.61182,1.68148,0.12683,11.41938,-0.052796408
-0.16,10,1.41944,0.60956,2.05136,0.13672,12.51454,-0.073143639
-0.16,15,1.63282,0.60781,2.36792,0.14357,13.60636,-0.090094872
-0.16,20,1.82209,0.60684,2.6483,0.14869,14.61366,-0.104831287
-0.15,-20,0.336162994,0.738262803,0.446823596,0.019098941,27.64434823,-0.0016039
-0.15,-17.5,0.35672,0.73685,0.47445,0.0219,26.03147,-0.001930488
-0.15,-15,0.38154,0.73372,0.50786,0.02568,24.07963,-0.002370956
-0.15,-13.75,0.39604,0.73169,0.52742,0.02811,22.99699,-0.002662045
-0.15,-12.5,0.41229,0.72957,0.54939,0.03106,22.04697,-0.003009804
-0.15,-11.25,0.43069,0.72676,0.5743,0.0347,20.8999,-0.003444401
-0.15,-10,0.45172,0.72378,0.60285,0.03934,19.83258,-0.003996647
-0.15,-9.375,0.46342,0.72177,0.61877,0.04217,19.25932,-0.004328595
-0.15,-8.75,0.47605,0.71986,0.63598,0.04545,18.64332,-0.004708132
-0.15,-8.125,0.48972,0.71715,0.65464,0.0493,18.00014,-0.005143766
-0.15,-7.5,0.50458,0.71438,0.67497,0.05388,17.34303,-0.005649361
-0.15,-6.875,0.5208,0.71128,0.6972,0.05949,16.68415,-0.006240983
-0.15,-6.25,0.53856,0.70759,0.72161,0.0665,15.97274,-0.006935887
-0.15,-5.625,0.55809,0.70353,0.74854,0.07571,15.28598,-0.007757935
-0.15,-5,0.57964,0.69883,0.77835,0.08953,14.58032,-0.008747295
-0.15,-4.375,0.60348,0.69369,0.81147,0.09382,13.91232,-0.009933662
-0.15,-3.75,0.62988,0.68734,0.8483,0.09525,13.17442,-0.011374525
-0.15,-3.125,0.65903,0.68022,0.88916,0.0975,12.46213,-0.013111782
-0.15,-2.5,0.69096,0.67275,0.93415,0.10017,11.82897,-0.015191025
-0.15,-1.875,0.72542,0.66491,0.98295,0.10295,11.2599,-0.017622798
-0.15,-1.25,0.76183,0.65781,1.03475,0.10574,10.82572,-0.020377477
-0.15,-0.625,0.7994,0.65232,1.08839,0.10843,10.57995,-0.023350387
-0.15,0,0.837381428,0.646924968,1.142755286,0.110990363,10.39714032,-0.026460371
-0.15,5,1.1193,0.63539,1.54709,0.12649,10.94348,-0.050190113
-0.15,10,1.35363,0.63337,1.88247,0.13625,12.00178,-0.069386004
-0.15,15,1.55506,0.6314,2.17015,0.14305,13.01523,-0.085419202
-0.15,20,1.733955196,0.631327772,2.425253279,0.14817346,13.93667475,-0.099363959
-0.14,-20,0.32919,0.76379,0.42316,0.01966,26.29253,-0.001615937
-0.14,-17.5,0.34925,0.76149,0.44923,0.02254,24.78386,-0.001935437
-0.14,-15,0.37345,0.75827,0.48076,0.02644,22.99203,-0.00237738
-0.14,-13.75,0.38757,0.75613,0.49919,0.02895,21.96709,-0.002671322
-0.14,-12.5,0.4034,0.75373,0.51989,0.03199,20.9679,-0.003019804
-0.14,-11.25,0.42129,0.75102,0.54334,0.03576,20.00576,-0.003458416
-0.14,-10,0.44173,0.74762,0.57018,0.04055,18.9388,-0.004002392
-0.14,-9.375,0.4531,0.74541,0.58514,0.04347,18.3056,-0.004331528
-0.14,-8.75,0.46535,0.74324,0.6013,0.04687,17.72854,-0.004710015
-0.14,-8.125,0.47861,0.74041,0.61881,0.05085,17.12592,-0.005142577
-0.14,-7.5,0.493,0.73775,0.63786,0.05563,16.57621,-0.005641195
-0.14,-6.875,0.50868,0.73449,0.65867,0.06146,15.94826,-0.006226025
-0.14,-6.25,0.52584,0.73087,0.6815,0.06881,15.32659,-0.006913057
-0.14,-5.625,0.54468,0.72662,0.70663,0.07856,14.66619,-0.007722447
-0.14,-5,0.56543,0.72153,0.73441,0.09441,13.94452,-0.008689072
-0.14,-4.375,0.58832,0.71605,0.76519,0.094,13.30697,-0.009856539
-0.14,-3.75,0.6136,0.70941,0.79931,0.09558,12.60205,-0.011253735
-0.14,-3.125,0.64141,0.70196,0.83703,0.09784,11.92094,-0.012936451
-0.14,-2.5,0.67174,0.69468,0.87839,0.10047,11.36745,-0.014931233
-0.14,-1.875,0.70434,0.68704,0.92307,0.10319,10.86175,-0.017257013
-0.14,-1.25,0.73867,0.6802,0.97031,0.1059,10.48141,-0.019856219
-0.14,-0.625,0.77403,0.67404,1.01913,0.1085,10.20041,-0.022662752
-0.14,0,0.80974,0.66969,1.06855,0.11098,10.06354,-0.025590508
-0.14,5,1.07546,0.65686,1.43707,0.12615,10.5387,-0.047959296
-0.14,10,1.29731,0.65417,1.74415,0.13581,11.53591,-0.06615914
-0.14,15,1.48843,0.65292,2.00812,0.14257,12.51143,-0.081391799
-0.14,20,1.65836,0.6517,2.24247,0.14766,13.39213,-0.094661621
-0.13,-20,0.32344,0.78654,0.40362,0.02022,25.34756,-0.001630408
-0.13,-17.5,0.34309,0.78387,0.42841,0.02319,23.69207,-0.001945959
-0.13,-15,0.36676,0.78056,0.45836,0.0272,22.04154,-0.002397307
-0.13,-13.75,0.38057,0.77833,0.47586,0.02979,21.06706,-0.002683531
-0.13,-12.5,0.39603,0.7758,0.49549,0.03293,20.11619,-0.003033283
-0.13,-11.25,0.4135,0.77297,0.51772,0.03681,19.19895,-0.003468988
-0.13,-10,0.43343,0.76934,0.54315,0.04176,18.15751,-0.00401804
-0.13,-9.375,0.4445,0.76703,0.5573,0.04479,17.55442,-0.004348162
-0.13,-8.75,0.45643,0.76476,0.57258,0.0483,17.00466,-0.004722533
-0.13,-8.125,0.46933,0.76181,0.58913,0.05244,16.43032,-0.005149746
-0.13,-7.5,0.48331,0.75902,0.60711,0.05738,15.90566,-0.005648663
-0.13,-6.875,0.49854,0.75562,0.62674,0.06343,15.30635,-0.006228415
-0.13,-6.25,0.51517,0.75184,0.64823,0.07112,14.71098,-0.00691008
-0.13,-5.625,0.5334,0.74739,0.67186,0.08149,14.07986,-0.007707489
-0.13,-5,0.55344,0.74225,0.69793,0.09382,13.43051,-0.008663935
-0.13,-4.375,0.57551,0.7362,0.72674,0.09422,12.74111,-0.00980298
-0.13,-3.75,0.59979,0.72945,0.75858,0.0959,12.1012,-0.011170672
-0.13,-3.125,0.62641,0.72223,0.79366,0.09818,11.50404,-0.012803658
-0.13,-2.5,0.65534,0.71441,0.83197,0.10075,10.94189,-0.014728044
-0.13,-1.875,0.68631,0.70703,0.87318,0.10341,10.49925,-0.016941945
-0.13,-1.25,0.71882,0.69997,0.91661,0.10604,10.12761,-0.019416022
-0.13,-0.625,0.75223,0.69447,0.9614,0.10855,9.91482,-0.02207321
-0.13,0,0.78596,0.69006,1.00671,0.11099,9.781,-0.024835307
-0.13,5,1.03751,0.67723,1.34535,0.12583,10.2391,-0.046017759
-0.13,10,1.24844,0.67415,1.62876,0.13537,11.16366,-0.063348402
-0.13,15,1.43054,0.67244,1.87291,0.14208,12.05523,-0.077887865
-0.13,20,1.59263,0.67105,2.08992,0.14716,12.88063,-0.090564955
-0.12,-20,0.31869,0.80719,0.38726,0.02078,24.28866,-0.001645113
-0.12,-17.5,0.33797,0.8044,0.41096,0.02384,22.72587,-0.00196596
-0.12,-15,0.36119,0.80101,0.43958,0.02797,21.20085,-0.002417473
-0.12,-13.75,0.37473,0.79868,0.45629,0.03063,20.27144,-0.002702943
-0.12,-12.5,0.38987,0.79605,0.47503,0.03387,19.36295,-0.004363136
-0.12,-11.25,0.40697,0.79289,0.49622,0.03788,18.40834,-0.003493947
-0.12,-10,0.42646,0.78897,0.52045,0.04298,17.37817,-0.004042455
-0.12,-9.375,0.43728,0.78683,0.53392,0.04611,16.8908,-0.004372709
-0.12,-8.75,0.44892,0.78446,0.54845,0.04974,16.36499,-0.004746677
-0.12,-8.125,0.4615,0.78139,0.56418,0.05402,15.81468,-0.005176335
-0.12,-7.5,0.47513,0.77822,0.58125,0.05917,15.25108,-0.005672674
-0.12,-6.875,0.48995,0.77495,0.59987,0.06547,14.73832,-0.00624804
-0.12,-6.25,0.50612,0.77074,0.62023,0.07352,14.11846,-0.006919594
-0.12,-5.625,0.52381,0.76638,0.64258,0.08468,13.56202,-0.007713022
-0.12,-5,0.54322,0.76104,0.66718,0.0937,12.93713,-0.008654865
-0.12,-4.375,0.56454,0.75493,0.6943,0.09449,12.31124,-0.009767721
-0.12,-3.75,0.58793,0.74829,0.7242,0.09626,11.72134,-0.011108381
-0.12,-3.125,0.61349,0.74108,0.75702,0.09852,11.16527,-0.012694379
-0.12,-2.5,0.64117,0.73271,0.79272,0.10099,10.58986,-0.014554354
-0.12,-1.875,0.67069,0.72538,0.83098,0.1036,10.18091,-0.016677071
-0.12,-1.25,0.70158,0.71897,0.87118,0.10618,9.88119,-0.019035856
-0.12,-0.625,0.73328,0.71336,0.91256,0.10861,9.67092,-0.021564159
-0.12,0,0.76526,0.7086,0.95439,0.11098,9.52006,-0.024184688
-0.12,5,1.00429,0.69539,1.2677,0.12552,9.93408,-0.044315381
-0.12,10,1.20555,0.69219,1.53103,0.13495,10.80959,-0.060872379
-0.12,15,1.37966,0.69063,1.75834,0.14164,11.67563,-0.074788163
-0.12,20,1.53483,0.68935,1.96063,0.14668,12.47555,-0.086949878
-0.11,-20,0.31471,0.82608,0.37338,0.02134,23.34209,-0.001661799
-0.11,-17.5,0.33369,0.8233,0.39616,0.02449,21.86245,-0.001986769
-0.11,-15,0.35652,0.81964,0.42364,0.02874,20.34145,-0.002439556
-0.11,-13.75,0.36982,0.81721,0.43967,0.03148,19.46496,-0.002730545
-0.11,-12.5,0.38469,0.81454,0.45764,0.03481,18.63434,-0.003086859
-0.11,-11.25,0.40146,0.8114,0.47795,0.03894,17.77517,-0.003525899
-0.11,-10,0.42056,0.80725,0.50114,0.04421,16.76506,-0.004075216
-0.11,-9.375,0.43115,0.80503,0.51403,0.04744,16.2978,-0.004403259
-0.11,-8.75,0.44254,0.80247,0.52792,0.0512,15.79402,-0.004777933
-0.11,-8.125,0.45484,0.79938,0.54294,0.05562,15.26566,-0.005204658
-0.11,-7.5,0.46815,0.79637,0.55923,0.06097,14.78398,-0.005700531
-0.11,-6.875,0.48261,0.79269,0.57697,0.06755,14.23225,-0.006270435
-0.11,-6.25,0.49836,0.78861,0.59635,0.076,13.68351,-0.006941468
-0.11,-5.625,0.51557,0.78381,0.61759,0.08809,13.09943,-0.007725461
-0.11,-5,0.53441,0.77864,0.64092,0.09366,12.53699,-0.008656456
-0.11,-4.375,0.55506,0.77222,0.66659,0.09472,11.92793,-0.00975865
-0.11,-3.75,0.57765,0.76535,0.6948,0.09659,11.35562,-0.011066926
-0.11,-3.125,0.60226,0.75761,0.72566,0.09884,10.78923,-0.012606703
-0.11,-2.5,0.6288,0.75012,0.7591,0.1013,10.32668,-0.014404089
-0.11,-1.875,0.65702,0.74241,0.79482,0.10381,9.90312,-0.016455727
-0.11,-1.25,0.68647,0.73603,0.83225,0.10631,9.62872,-0.01871086
-0.11,-0.625,0.71665,0.73002,0.8707,0.10867,9.40262,-0.021111785
-0.11,0,0.74706,0.7261,0.90954,0.11099,9.31345,-0.02361011
-0.11,5,0.97492,0.71256,1.20111,0.12523,9.68968,-0.042802778
-0.11,10,1.16754,0.70929,1.44716,0.13455,10.52624,-0.058665507
-0.11,15,1.33451,0.70747,1.66,0.14117,11.33936,-0.072040313
-0.11,20,1.48348,0.70631,1.8496,0.14622,12.11809,-0.083720382
-0.1,-20,0.311374068,0.843022868,0.361483329,0.021899305,22.57270898,-0.001679678
-0.1,-17.5,0.33008,0.84106,0.38346,0.02514,21.25457,-0.002011557
-0.1,-15,0.35257,0.83726,0.40996,0.02951,19.77414,-0.002469794
-0.1,-13.75,0.36566,0.83474,0.42542,0.03233,18.92135,-0.002764527
-0.1,-12.5,0.38029,0.8319,0.44272,0.03576,18.08541,-0.003119446
-0.1,-11.25,0.39678,0.82828,0.46226,0.04001,17.13451,-0.003560243
-0.1,-10,0.41553,0.82413,0.48455,0.04545,16.21255,-0.004112609
-0.1,-9.375,0.42592,0.82182,0.49693,0.04878,15.76392,-0.004438023
-0.1,-8.75,0.43709,0.81917,0.51026,0.05266,15.27919,-0.004812142
-0.1,-8.125,0.44913,0.81626,0.52466,0.05724,14.83437,-0.005241568
-0.1,-7.5,0.46216,0.81256,0.54028,0.06279,14.25089,-0.005737545
-0.1,-6.875,0.47629,0.80905,0.55725,0.06965,13.77547,-0.006303996
-0.1,-6.25,0.49167,0.80453,0.57578,0.07856,13.1999,-0.006971447
-0.1,-5.625,0.50844,0.79956,0.59604,0.09234,12.64193,-0.007755782
-0.1,-5,0.52676,0.79441,0.61826,0.09379,12.1401,-0.008670206
-0.1,-4.375,0.5468,0.78787,0.64265,0.09501,11.55089,-0.009756585
-0.1,-3.75,0.56866,0.78108,0.66937,0.09686,11.02653,-0.011041425
-0.1,-3.125,0.59239,0.7737,0.69852,0.09908,10.52733,-0.012546065
-0.1,-2.5,0.61791,0.7657,0.72999,0.10153,10.04842,-0.014285243
-0.1,-1.875,0.64495,0.75868,0.76349,0.10399,9.69739,-0.016253075
-0.1,-1.25,0.67311,0.75157,0.7985,0.10642,9.38612,-0.018421285
-0.1,-0.625,0.70191,0.74607,0.83442,0.10875,9.2016,-0.020721597
-0.1,0,0.73092643,0.740947522,0.870670688,0.110979726,9.076913407,-0.023096504
-0.1,5,0.94874,0.72819,1.14337,0.12495,9.45111,-0.041448806
-0.1,10,1.13357,0.72478,1.37439,0.13415,10.24599,-0.056689334
-0.1,15,1.29412,0.72313,1.57464,0.14076,11.03869,-0.069560921
-0.1,20,1.437512832,0.722748902,1.753232964,0.145786785,11.76276899,-0.080831454
-0.09,-20,0.30857,0.86039,0.3512,0.02246,21.91026,-0.001704243
-0.09,-17.5,0.32704,0.85727,0.37249,0.02579,20.54029,-0.002039444
-0.09,-15,0.34923,0.85318,0.39813,0.03028,19.06073,-0.002499993
-0.09,-13.75,0.36214,0.85057,0.41307,0.03318,18.25225,-0.002793431
-0.09,-12.5,0.37655,0.84764,0.42979,0.03671,17.45847,-0.003154752
-0.09,-11.25,0.39278,0.84411,0.44866,0.04109,16.62034,-0.003595495
-0.09,-10,0.41122,0.84004,0.47017,0.04669,15.78911,-0.004152725
-0.09,-9.375,0.42143,0.83736,0.48209,0.05013,15.27906,-0.004480468
-0.09,-8.75,0.4324,0.83461,0.49493,0.05414,14.81272,-0.004853994
-0.09,-8.125,0.44421,0.83162,0.50879,0.05888,14.38414,-0.00528398
-0.09,-7.5,0.45698,0.8278,0.5238,0.06464,13.82091,-0.005782267
-0.09,-6.875,0.47082,0.82386,0.54011,0.07179,13.31269,-0.006351372
-0.09,-6.25,0.48585,0.81949,0.55787,0.08122,12.80573,-0.007011484
-0.09,-5.625,0.50222,0.81437,0.57728,0.09404,12.26628,-0.007789291
-0.09,-5,0.52007,0.80906,0.59851,0.09394,11.78083,-0.008696147
-0.09,-4.375,0.53954,0.80262,0.62177,0.09531,11.24247,-0.009765245
-0.09,-3.75,0.56073,0.79563,0.64718,0.09718,10.72936,-0.011023766
-0.09,-3.125,0.58367,0.78804,0.6748,0.09942,10.24294,-0.012494716
-0.09,-2.5,0.60825,0.78013,0.70454,0.10179,9.79928,-0.01417975
-0.09,-1.875,0.63422,0.77295,0.73609,0.10419,9.4535,-0.016082667
-0.09,-1.25,0.6612,0.76632,0.76898,0.10651,9.18748,-0.018167079
-0.09,-0.625,0.68876,0.76074,0.80267,0.10882,9.00806,-0.020370584
-0.09,0,0.71651,0.75678,0.83666,0.11099,8.92249,-0.022642621
-0.09,5,0.92523,0.74276,1.09282,0.12467,9.2392,-0.040226574
-0.09,10,1.103,0.73922,1.31065,0.13378,9.99518,-0.054897803
-0.09,15,1.25771,0.73773,1.49984,0.14034,10.77304,-0.067329292
-0.09,20,1.39605,0.73627,1.66875,0.14534,11.47357,-0.078210873
-0.08,-20,0.3062,0.87556,0.34225,0.02303,21.19428,-0.001734444
-0.08,-17.5,0.32447,0.87234,0.36292,0.02644,19.88795,-0.002066989
-0.08,-15,0.3464,0.86819,0.38781,0.03106,18.50452,-0.0025304
-0.08,-13.75,0.35914,0.8655,0.4023,0.03404,17.72594,-0.002828595
-0.08,-12.5,0.37335,0.8627,0.4185,0.03766,17.0355,-0.003191275
-0.08,-11.25,0.38935,0.85883,0.43678,0.04217,16.15083,-0.003638438
-0.08,-10,0.40752,0.85424,0.45759,0.04794,15.25357,-0.004192935
-0.08,-9.375,0.41756,0.85178,0.46912,0.05149,14.83688,-0.004526884
-0.08,-8.75,0.42834,0.84895,0.48152,0.05562,14.38668,-0.004903603
-0.08,-8.125,0.43995,0.84555,0.4949,0.06054,13.91388,-0.005334068
-0.08,-7.5,0.45248,0.84192,0.50937,0.06651,13.42836,-0.005828226
-0.08,-6.875,0.46604,0.83817,0.52508,0.07396,12.98482,-0.006394072
-0.08,-6.25,0.48076,0.83336,0.54217,0.08401,12.44688,-0.007051553
-0.08,-5.625,0.49676,0.8284,0.5608,0.09375,11.96156,-0.007823624
-0.08,-5,0.51417,0.82293,0.58116,0.09414,11.48755,-0.008722237
-0.08,-4.375,0.53313,0.816,0.6034,0.09556,10.93069,-0.009782352
-0.08,-3.75,0.5537,0.80912,0.62764,0.09752,10.45979,-0.011012941
-0.08,-3.125,0.5759,0.80134,0.65391,0.09969,9.98443,-0.012455983
-0.08,-2.5,0.59961,0.79419,0.6821,0.10198,9.6175,-0.014099524
-0.08,-1.875,0.6246,0.78717,0.71191,0.10431,9.29681,-0.015933644
-0.08,-1.25,0.65051,0.78044,0.74293,0.10666,9.03212,-0.017932434
-0.08,-0.625,0.67694,0.7748,0.77466,0.10886,8.85336,-0.020051039
-0.08,0,0.70354,0.77082,0.80665,0.11099,8.76917,-0.022233574
-0.08,5,0.90398,0.75639,1.0482,0.12441,9.04853,-0.03912366
-0.08,10,1.0753,0.75316,1.25435,0.13342,9.79738,-0.053283113
-0.08,15,1.22469,0.75114,1.43374,0.13993,10.51153,-0.065297651
-0.08,20,1.35841,0.74949,1.59407,0.14489,11.17767,-0.075832229
-0.07,-20,0.30421,0.89003,0.33439,0.0236,20.71845,-0.001756532
-0.07,-17.5,0.3223,0.88639,0.35453,0.0271,19.28856,-0.002097859
-0.07,-15,0.34398,0.88219,0.37874,0.03183,17.99374,-0.002566401
-0.07,-13.75,0.35657,0.87965,0.39283,0.03489,17.32484,-0.00286778
-0.07,-12.5,0.37062,0.87628,0.40858,0.03862,16.50275,-0.003231446
-0.07,-11.25,0.38641,0.87254,0.42633,0.04326,15.72007,-0.004117262
-0.07,-10,0.40432,0.86773,0.44651,0.04919,14.83295,-0.00424282
-0.07,-9.375,0.41421,0.8652,0.45769,0.05286,14.43085,-0.004574974
-0.07,-8.75,0.42482,0.86228,0.4697,0.05712,13.99534,-0.004954021
-0.07,-8.125,0.43624,0.85879,0.48265,0.06223,13.53865,-0.00538316
-0.07,-7.5,0.44855,0.85505,0.49664,0.0684,13.06693,-0.00588134
-0.07,-6.875,0.46186,0.85119,0.51181,0.0762,12.63767,-0.00644431
-0.07,-6.25,0.47628,0.84656,0.52829,0.08701,12.15839,-0.007101668
-0.07,-5.625,0.49194,0.84114,0.54624,0.09367,11.6466,-0.007866615
-0.07,-5,0.50895,0.83552,0.5658,0.09438,11.18517,-0.008762147
-0.07,-4.375,0.52742,0.82905,0.58713,0.09585,10.70402,-0.009802314
-0.07,-3.75,0.54742,0.82168,0.61031,0.0978,10.21429,-0.011019265
-0.07,-3.125,0.56893,0.81435,0.63536,0.0999,9.79595,-0.0124215
-0.07,-2.5,0.59185,0.80705,0.66216,0.10224,9.43434,-0.01402242
-0.07,-1.875,0.61594,0.7999,0.69043,0.10452,9.11668,-0.015798378
-0.07,-1.25,0.64086,0.79338,0.71978,0.10674,8.87489,-0.017732526
-0.07,-0.625,0.66626,0.78802,0.74976,0.1089,8.7165,-0.019765669
-0.07,0,0.69181,0.78369,0.77998,0.11098,8.6147,-0.021865009
-0.07,5,0.88466,0.76959,1.00851,0.12415,8.89829,-0.038117999
-0.07,10,1.05007,0.7658,1.20424,0.13306,9.58965,-0.05179927
-0.07,15,1.19458,0.76395,1.37489,0.13953,10.29425,-0.063433406
-0.07,20,1.32407,0.76242,1.52758,0.14449,10.94521,-0.073652596
-0.06,-20,0.30254,0.90325,0.32747,0.02416,20.10409,-0.001785958
-0.06,-17.5,0.32046,0.89983,0.34712,0.02775,18.88095,-0.002130637
-0.06,-15,0.34193,0.89527,0.37073,0.03261,17.52229,-0.002601184
-0.06,-13.75,0.35439,0.89241,0.38447,0.03576,16.79624,-0.002906512
-0.06,-12.5,0.36827,0.88919,0.3998,0.03958,16.08055,-0.003275114
-0.06,-11.25,0.38387,0.88533,0.41708,0.04435,15.32257,-0.003730943
-0.06,-10,0.40155,0.88031,0.4367,0.05047,14.44508,-0.004294209
-0.06,-9.375,0.4113,0.87803,0.44756,0.05423,14.12062,-0.004626628
-0.06,-8.75,0.42176,0.8747,0.45922,0.05865,13.63421,-0.005006744
-0.06,-8.125,0.433,0.87112,0.47177,0.06391,13.19119,-0.005435474
-0.06,-7.5,0.44511,0.86727,0.48534,0.07032,12.7355,-0.005930593
-0.06,-6.875,0.45818,0.86331,0.50002,0.07853,12.31848,-0.006498775
-0.06,-6.25,0.47233,0.85856,0.51595,0.09045,11.85188,-0.007153555
-0.06,-5.625,0.48767,0.85299,0.53327,0.0937,11.35532,-0.007918678
-0.06,-5,0.5043,0.84724,0.55212,0.09462,10.90641,-0.008799194
-0.06,-4.375,0.52232,0.8406,0.57262,0.09617,10.43802,-0.009830262
-0.06,-3.75,0.54178,0.83338,0.59484,0.09803,9.98822,-0.011026933
-0.06,-3.125,0.56266,0.82622,0.61879,0.10022,9.60178,-0.01239769
-0.06,-2.5,0.58484,0.81877,0.64434,0.10241,9.24459,-0.013958999
-0.06,-1.875,0.6081,0.81115,0.67122,0.10464,8.91121,-0.015680544
-0.06,-1.25,0.63211,0.80557,0.69906,0.10686,8.73325,-0.01754353
-0.06,-0.625,0.65656,0.7998,0.72748,0.10897,8.55668,-0.019511988
-0.06,0,0.68114,0.79616,0.75611,0.11098,8.49422,-0.02152843
-0.06,5,0.86702,0.78163,0.97298,0.12391,8.74202,-0.037192261
-0.06,10,1.02698,0.77768,1.15936,0.13272,9.40301,-0.050437579
-0.06,15,1.16698,0.776,1.32215,0.13915,10.09543,-0.061723764
-0.06,20,1.29256,0.7746,1.46796,0.14409,10.73617,-0.071645141
-0.05,-20,0.301138331,0.914790025,0.321322957,0.024729409,19.60437062,-0.001807858
-0.05,-17.5,0.31891,0.91199,0.34054,0.02841,18.36291,-0.00215991
-0.05,-15,0.34019,0.90752,0.36362,0.0334,17.08561,-0.002637655
-0.05,-13.75,0.35252,0.90483,0.37703,0.03662,16.45991,-0.002949009
-0.05,-12.5,0.36627,0.90102,0.392,0.04055,15.62206,-0.003321716
-0.05,-11.25,0.38169,0.89731,0.40884,0.04545,14.95402,-0.00377862
-0.05,-10,0.39915,0.89206,0.42796,0.05175,14.08529,-0.004344557
-0.05,-9.375,0.40877,0.88972,0.43853,0.05562,13.77108,-0.004681193
-0.05,-8.75,0.41908,0.88664,0.44987,0.06019,13.35729,-0.005061504
-0.05,-8.125,0.43016,0.88263,0.46207,0.06561,12.87037,-0.005494346
-0.05,-7.5,0.44208,0.87869,0.47524,0.07233,12.42712,-0.005990569
-0.05,-6.875,0.45493,0.87496,0.48948,0.08098,12.0659,-0.00655617
-0.05,-6.25,0.46883,0.86975,0.50491,0.09438,11.56811,-0.007206001
-0.05,-5.625,0.48386,0.86472,0.52166,0.09379,11.15577,-0.007966337
-0.05,-5,0.50014,0.85849,0.53985,0.09485,10.68053,-0.008845461
-0.05,-4.375,0.51774,0.8517,0.5596,0.09644,10.22111,-0.009858227
-0.05,-3.75,0.53669,0.84466,0.58095,0.0983,9.8048,-0.011036628
-0.05,-3.125,0.55698,0.83701,0.6039,0.10047,9.40016,-0.012382952
-0.05,-2.5,0.57847,0.83011,0.6283,0.10262,9.09223,-0.013899208
-0.05,-1.875,0.60095,0.82305,0.65393,0.10482,8.80205,-0.015581117
-0.05,-1.25,0.62413,0.81706,0.68042,0.10692,8.60558,-0.0173767
-0.05,-0.625,0.6477,0.8116,0.70743,0.10898,8.44979,-0.019272544
-0.05,0,0.671398774,0.806564889,0.734628365,0.11098237,8.339320193,-0.021215491
-0.05,5,0.85084,0.79298,0.94099,0.12368,8.60048,-0.036344452
-0.05,10,1.00575,0.78886,1.11892,0.13239,9.22992,-0.049179037
-0.05,15,1.14158,0.78709,1.27462,0.13875,9.89672,-0.060153261
-0.05,20,1.263542365,0.786655795,1.414221568,0.143705598,10.50936144,-0.069798516
-0.04,-20,0.29997,0.92761,0.31585,0.0253,19.16853,-0.001845125
-0.04,-17.5,0.31761,0.92386,0.33468,0.02907,18.0174,-0.002193149
-0.04,-15,0.33871,0.91926,0.35728,0.03418,16.76289,-0.002682861
-0.04,-13.75,0.35094,0.91599,0.37039,0.03749,15.9979,-0.002990789
-0.04,-12.5,0.36454,0.91259,0.38503,0.04152,15.32557,-0.003368904
-0.04,-11.25,0.37981,0.90827,0.40148,0.04655,14.55392,-0.003827423
-0.04,-10,0.39706,0.90341,0.42013,0.05301,13.81584,-0.004390783
-0.04,-9.375,0.40657,0.90067,0.43044,0.05704,13.44541,-0.00473144
-0.04,-8.75,0.41675,0.89716,0.44149,0.06171,12.98805,-0.005118302
-0.04,-8.125,0.42767,0.8934,0.45337,0.06739,12.57104,-0.005551369
-0.04,-7.5,0.43941,0.88936,0.46618,0.07433,12.14006,-0.006050414
-0.04,-6.875,0.45206,0.8852,0.48001,0.08346,11.74613,-0.006608105
-0.04,-6.25,0.46571,0.88056,0.49498,0.09386,11.34398,-0.00726199
-0.04,-5.625,0.48046,0.87506,0.51121,0.09393,10.90324,-0.008018514
-0.04,-5,0.4964,0.86903,0.5288,0.09503,10.47005,-0.008887675
-0.04,-4.375,0.5136,0.86244,0.54785,0.09669,10.04685,-0.009891469
-0.04,-3.75,0.53208,0.85525,0.56841,0.09861,9.63512,-0.011055451
-0.04,-3.125,0.55181,0.8478,0.59044,0.10067,9.25949,-0.012375845
-0.04,-2.5,0.57266,0.84043,0.61381,0.10284,8.93193,-0.013856208
-0.04,-1.875,0.59443,0.83327,0.63829,0.10496,8.6462,-0.015479437
-0.04,-1.25,0.61683,0.8272,0.66356,0.10705,8.45144,-0.017223979
-0.04,-0.625,0.63959,0.82206,0.68929,0.10906,8.31669,-0.019059401
-0.04,0,0.66246,0.81805,0.71519,0.11099,8.23677,-0.020937708
-0.04,5,0.83592,0.80415,0.91204,0.12346,8.4925,-0.035564396
-0.04,10,0.98615,0.7999,1.08229,0.13207,9.0979,-0.048013904
-0.04,15,1.1181,0.79883,1.23154,0.13841,9.71059,-0.058687217
-0.04,20,1.2367,0.79636,1.3655,0.1433,10.32753,-0.068080873
-0.03,-20,0.29901,0.93854,0.31096,0.02587,18.66777,-0.001866331
-0.03,-17.5,0.31652,0.9347,0.32944,0.02973,17.56195,-0.002232602
-0.03,-15,0.33747,0.9298,0.35159,0.03497,16.2991,-0.002715005
-0.03,-13.75,0.34959,0.92671,0.36444,0.03836,15.63866,-0.003030083
-0.03,-12.5,0.36307,0.92323,0.37877,0.04249,14.98545,-0.003413255
-0.03,-11.25,0.37818,0.91907,0.39487,0.04766,14.29129,-0.00387998
-0.03,-10,0.39525,0.91373,0.4131,0.05433,13.50136,-0.004450525
-0.03,-9.375,0.40465,0.91093,0.42316,0.05842,13.14157,-0.004792221
-0.03,-8.75,0.4147,0.90769,0.43395,0.06332,12.75138,-0.005174453
-0.03,-8.125,0.42547,0.90384,0.44553,0.06912,12.34125,-0.005608136
-0.03,-7.5,0.43704,0.90006,0.45801,0.07639,11.96274,-0.006111649
-0.03,-6.875,0.4495,0.89545,0.47147,0.08614,11.52971,-0.006675965
-0.03,-6.25,0.46293,0.89035,0.48602,0.09369,11.09646,-0.007323947
-0.03,-5.625,0.47741,0.88509,0.50176,0.09409,10.70109,-0.008073648
-0.03,-5,0.49304,0.87857,0.5188,0.0953,10.24512,-0.008940203
-0.03,-4.375,0.50986,0.87148,0.53721,0.09693,9.80425,-0.009932962
-0.03,-3.75,0.52789,0.86487,0.55703,0.09889,9.4551,-0.011070628
-0.03,-3.125,0.54709,0.85764,0.57822,0.10086,9.10724,-0.012372228
-0.03,-2.5,0.56734,0.85051,0.60064,0.103,8.80454,-0.013814898
-0.03,-1.875,0.58843,0.84397,0.62407,0.10505,8.56145,-0.015395128
-0.03,-1.25,0.61011,0.83786,0.64823,0.1071,8.36631,-0.017091026
-0.03,-0.625,0.63212,0.83232,0.6728,0.10908,8.21342,-0.018854921
-0.03,0,0.65422,0.82869,0.69753,0.11099,8.15277,-0.020681355
-0.03,5,0.82214,0.81388,0.8857,0.12324,8.35185,-0.034836912
-0.03,10,0.96799,0.80989,1.04895,0.13176,8.95025,-0.046941226
-0.03,15,1.09632,0.80898,1.19232,0.13805,9.55639,-0.05732982
-0.03,20,1.21178,0.80665,1.32113,0.14291,10.16575,-0.066491081
-0.02,-20,0.29821,0.94918,0.30657,0.02644,18.35289,-0.001905172
-0.02,-17.5,0.31563,0.94489,0.32473,0.03039,17.13527,-0.002264919
-0.02,-15,0.33642,0.94024,0.34648,0.03576,16.02193,-0.002764867
-0.02,-13.75,0.34845,0.9368,0.35908,0.03923,15.30169,-0.003079574
-0.02,-12.5,0.36182,0.93324,0.37313,0.04347,14.66683,-0.003463962
-0.02,-11.25,0.37679,0.92898,0.3889,0.04878,13.99116,-0.003931925
-0.02,-10,0.39368,0.92379,0.40675,0.05562,13.26841,-0.004506304
-0.02,-9.375,0.40297,0.92056,0.41659,0.05989,12.85651,-0.004848912
-0.02,-8.75,0.4129,0.91725,0.42713,0.06487,12.47701,-0.005237203
-0.02,-8.125,0.42354,0.91331,0.43844,0.07095,12.07768,-0.005670124
-0.02,-7.5,0.43495,0.90945,0.45061,0.07857,11.70938,-0.006172622
-0.02,-6.875,0.44723,0.90474,0.46372,0.08914,11.28639,-0.006736591
-0.02,-6.25,0.46044,0.89953,0.47788,0.09366,10.8635,-0.007388242
-0.02,-5.625,0.47467,0.89415,0.49318,0.09427,10.47841,-0.008126942
-0.02,-5,0.48999,0.88787,0.50971,0.09557,10.06281,-0.008988482
-0.02,-4.375,0.50645,0.88137,0.52753,0.09717,9.68476,-0.009973704
-0.02,-3.75,0.52406,0.87427,0.54666,0.09914,9.31106,-0.011091132
-0.02,-3.125,0.54277,0.86692,0.56707,0.10113,8.96627,-0.0123614
-0.02,-2.5,0.56245,0.86006,0.58862,0.10313,8.6889,-0.013777033
-0.02,-1.875,0.58291,0.85344,0.6111,0.10523,8.44675,-0.015323296
-0.02,-1.25,0.60392,0.84688,0.63423,0.10721,8.2334,-0.016966294
-0.02,-0.625,0.62522,0.84206,0.65774,0.10913,8.11884,-0.018681291
-0.02,0,0.64662,0.83766,0.68139,0.11097,8.0228,-0.020433762
-0.02,5,0.80935,0.82353,0.86164,0.12302,8.24329,-0.034158179
-0.02,10,0.95111,0.81934,1.01848,0.13143,8.81464,-0.045926756
-0.02,15,1.07605,0.8186,1.15645,0.13771,9.41376,-0.056060957
-0.02,20,1.18858,0.81579,1.28054,0.14257,9.98048,-0.064998244
-0.01,-20,0.29758,0.95889,0.30262,0.02701,17.90686,-0.001936123
-0.01,-17.5,0.31489,0.95487,0.32048,0.03106,16.85925,-0.002302939
-0.01,-15,0.33556,0.94955,0.34186,0.03655,15.60822,-0.002803856
-0.01,-13.75,0.34749,0.94659,0.35425,0.04011,15.05327,-0.003126571
-0.01,-12.5,0.36076,0.9424,0.36804,0.04446,14.30724,-0.003506464
-0.01,-11.25,0.3756,0.93804,0.38351,0.04991,13.65654,-0.003977486
-0.01,-10,0.39232,0.93292,0.401,0.05695,12.98931,-0.004567276
-0.01,-9.375,0.40151,0.92998,0.41063,0.0613,12.64451,-0.004908401
-0.01,-8.75,0.41133,0.92623,0.42094,0.06651,12.21925,-0.005293065
-0.01,-8.125,0.42184,0.92222,0.432,0.07277,11.82926,-0.005739114
-0.01,-7.5,0.4331,0.91827,0.44388,0.08071,11.47178,-0.006228085
-0.01,-6.875,0.4452,0.91346,0.45668,0.09289,11.05954,-0.006796902
-0.01,-6.25,0.4582,0.90851,0.47047,0.09371,10.68282,-0.007445155
-0.01,-5.625,0.47219,0.90266,0.48535,0.09447,10.26998,-0.00819192
-0.01,-5,0.48722,0.897,0.5014,0.09584,9.92277,-0.009037813
-0.01,-4.375,0.50334,0.89001,0.51867,0.09743,9.51987,-0.01001068
-0.01,-3.75,0.52055,0.88316,0.53718,0.09936,9.17697,-0.011120726
-0.01,-3.125,0.53879,0.87607,0.55687,0.10136,8.85875,-0.01236867
-0.01,-2.5,0.55794,0.86873,0.57761,0.10335,8.56076,-0.013746254
-0.01,-1.875,0.57781,0.86241,0.59921,0.10535,8.34094,-0.015254094
-0.01,-1.25,0.59818,0.85656,0.6214,0.1073,8.16631,-0.016846498
-0.01,-0.625,0.61883,0.85134,0.64394,0.10918,8.03351,-0.01850562
-0.01,0,0.63956,0.84733,0.66661,0.11099,7.95682,-0.020212896
-0.01,5,0.79744,0.83317,0.83958,0.12281,8.16428,-0.033528695
-0.01,10,0.93537,0.82831,0.99052,0.13115,8.68832,-0.044990757
-0.01,15,1.05713,0.82775,1.12352,0.13736,9.28099,-0.054866618
-0.01,20,1.16691,0.82508,1.24326,0.14222,9.84162,-0.063598791
0,-20,0.297086933,0.967720603,0.299047222,0.027587997,17.54517179,-0.001960289
0,-17.5,0.31431,0.96394,0.31664,0.03172,16.47719,-0.00234
0,-15,0.33484,0.95861,0.33768,0.03734,15.36765,-0.00284
0,-13.75,0.3467,0.95501,0.34986,0.04099,14.68691,-0.00317
0,-12.5,0.35986,0.95128,0.36342,0.04544,14.08492,-0.00356
0,-11.25,0.37457,0.94682,0.37861,0.05103,13.4437,-0.00404
0,-10,0.39115,0.94083,0.39576,0.05825,12.66738,-0.00462
0,-9.375,0.40024,0.9382,0.40521,0.06279,12.39094,-0.00497
0,-8.75,0.40995,0.93506,0.41531,0.0681,12.02667,-0.00536
0,-8.125,0.42033,0.93097,0.42613,0.07465,11.6435,-0.0058
0,-7.5,0.43145,0.92694,0.43775,0.08307,11.28885,-0.0063
0,-6.875,0.44338,0.92203,0.45024,0.0941,10.88266,-0.00686
0,-6.25,0.45619,0.91699,0.4637,0.09381,10.51218,-0.00751
0,-5.625,0.46995,0.91103,0.47819,0.09466,10.10522,-0.00825
0,-5,0.48471,0.9045,0.4938,0.0961,9.70488,-0.00909
0,-4.375,0.5005,0.89815,0.51055,0.09769,9.36493,-0.01006
0,-3.75,0.51733,0.8908,0.52847,0.09956,9.00334,-0.01115
0,-3.125,0.53513,0.8836,0.54749,0.10155,8.69057,-0.01237
0,-2.5,0.55377,0.87693,0.56749,0.10352,8.44135,-0.01372
0,-1.875,0.57309,0.87015,0.58827,0.10542,8.20332,-0.01519
0,-1.25,0.59286,0.86504,0.60959,0.10734,8.07005,-0.01673
0,-0.625,0.61289,0.86019,0.63124,0.10918,7.95688,-0.01835
0,0,0.633000821,0.855249926,0.653002975,0.110965398,7.857431543,-0.020002154
0,5,0.78634,0.84146,0.81927,0.12262,8.05098,-0.03293
0,10,0.920653487,0.837013593,0.964760081,0.130875402,8.586353251,-0.044106594
0,15,1.03943,0.83576,1.09318,0.13704,9.14352,-0.05376
0,20,1.146615501,0.834719564,1.208905667,0.141872663,9.681712269,-0.062290166
0.02,-20,0.29644,0.98504,0.29288,0.02874,16.85198,-0.002029168
0.02,-17.5,0.3135,0.98089,0.31,0.03306,15.89031,-0.002415293
0.02,-15,0.33381,0.97497,0.33044,0.03894,14.71261,-0.002934661
0.02,-13.75,0.34551,0.9718,0.34225,0.04276,14.20031,-0.003259633
0.02,-12.5,0.35849,0.96762,0.35538,0.04744,13.56542,-0.003659751
0.02,-11.25,0.37298,0.96269,0.37007,0.05332,12.90592,-0.004149586
0.02,-10,0.38926,0.95694,0.38663,0.06093,12.24184,-0.004744852
0.02,-9.375,0.39818,0.95382,0.39573,0.06576,11.92302,-0.005088392
0.02,-8.75,0.40769,0.95023,0.40544,0.07143,11.57646,-0.005483361
0.02,-8.125,0.41784,0.94615,0.41584,0.07854,11.21107,-0.005921474
0.02,-7.5,0.42869,0.94197,0.42698,0.08809,10.87335,-0.006423683
0.02,-6.875,0.4403,0.93727,0.43893,0.09368,10.5228,-0.006991323
0.02,-6.25,0.45274,0.93203,0.45177,0.0941,10.16457,-0.007635916
0.02,-5.625,0.46606,0.92625,0.46556,0.09511,9.80231,-0.008368606
0.02,-5,0.48031,0.91959,0.48035,0.09659,9.4198,-0.009200346
0.02,-4.375,0.49549,0.91332,0.49618,0.0982,9.10894,-0.010141897
0.02,-3.75,0.51161,0.90594,0.51304,0.10006,8.76447,-0.011203069
0.02,-3.125,0.52858,0.89923,0.53085,0.10191,8.49732,-0.012382337
0.02,-2.5,0.5463,0.8923,0.54951,0.10383,8.24333,-0.013677798
0.02,-1.875,0.56459,0.88638,0.56883,0.10568,8.0627,-0.015075831
0.02,-1.25,0.58328,0.8809,0.58861,0.1075,7.91513,-0.016542627
0.02,-0.625,0.60219,0.87623,0.60867,0.10928,7.81223,-0.018074756
0.02,0,0.62117,0.87189,0.62882,0.11098,7.7276,-0.0196286
0.02,5,0.7662,0.85778,0.78314,0.12225,7.88701,-0.031858293
0.02,10,0.8939,0.85323,0.9189,0.13033,8.3854,-0.04250443
0.02,15,1.00719,0.85197,1.03911,0.13641,8.92209,-0.05171435
0.02,20,1.10962,0.85111,1.14765,0.14118,9.4382,-0.059891964
0.04,-20,0.29617,1.00057,0.28779,0.0299,16.27943,-0.002098491
0.04,-17.5,0.31309,0.99625,0.3045,0.0344,15.36163,-0.002486325
0.04,-15,0.3332,0.9902,0.32441,0.04055,14.25727,-0.00302056
0.04,-13.75,0.34477,0.98661,0.33591,0.04454,13.70294,-0.003358878
0.04,-12.5,0.35759,0.98227,0.34867,0.04945,13.09799,-0.003763028
0.04,-11.25,0.37187,0.97715,0.36292,0.05563,12.46767,-0.004261378
0.04,-10,0.38788,0.97139,0.37895,0.06369,11.85924,-0.004864477
0.04,-9.375,0.39664,0.96816,0.38775,0.06878,11.55184,-0.005214581
0.04,-8.75,0.40596,0.96443,0.39713,0.0749,11.21774,-0.005615783
0.04,-8.125,0.4159,0.96021,0.40714,0.0827,10.86389,-0.006049901
0.04,-7.5,0.4265,0.95588,0.41786,0.09435,10.53787,-0.006559846
0.04,-6.875,0.43782,0.95102,0.42933,0.09368,10.19938,-0.007127072
0.04,-6.25,0.44992,0.94561,0.44162,0.09443,9.85267,-0.007764126
0.04,-5.625,0.46284,0.93964,0.45478,0.09555,9.50166,-0.008492827
0.04,-5,0.4766,0.93379,0.46886,0.09705,9.20069,-0.009314994
0.04,-4.375,0.49123,0.92703,0.48386,0.09867,8.87408,-0.010230625
0.04,-3.75,0.50669,0.92037,0.49978,0.10047,8.59063,-0.011269723
0.04,-3.125,0.52292,0.91319,0.51653,0.10227,8.30778,-0.012409011
0.04,-2.5,0.5398,0.90642,0.53402,0.10407,8.07291,-0.013645218
0.04,-1.875,0.55718,0.90072,0.55207,0.1059,7.90795,-0.014981431
0.04,-1.25,0.57491,0.89487,0.57053,0.10765,7.74718,-0.016383286
0.04,-0.625,0.59282,0.89049,0.58921,0.10935,7.66008,-0.017822779
0.04,0,0.61078,0.88714,0.60797,0.11099,7.6179,-0.019305183
0.04,5,0.74841,0.87274,0.75197,0.1219,7.74662,-0.030913247
0.04,10,0.87019,0.86825,0.87928,0.12981,8.22373,-0.041074206
0.04,15,0.97856,0.86616,0.99236,0.1358,8.69845,-0.049907542
0.04,20,1.07672,0.86517,1.09466,0.14055,9.18558,-0.05775875
0.05,-20,0.296151415,1.00796419,0.28557904,0.030474905,16.07795434,-0.002126164
0.05,0,0.60605214,0.893256149,0.598586054,0.110991151,7.527797677,-0.019150603
0.05,20,1.061580849,0.871493694,1.070738839,0.140238846,9.081406652,-0.056769394
0.06,-20,0.2962,1.01502,0.28356,0.03106,15.88639,-0.00216426
0.06,-17.5,0.313,1.01013,0.2999,0.03575,14.88222,-0.002566826
0.06,-15,0.33293,1.00397,0.31937,0.04217,13.84401,-0.003113848
0.06,-13.75,0.34439,0.99993,0.33058,0.04635,13.25065,-0.003459106
0.06,-12.5,0.35705,0.99576,0.34301,0.05149,12.72385,-0.003868059
0.06,-11.25,0.37114,0.99045,0.35688,0.05795,12.11387,-0.004372191
0.06,-10,0.38691,0.98439,0.37244,0.06652,11.51202,-0.004981946
0.06,-9.375,0.39552,0.98105,0.38097,0.07188,11.21515,-0.005339896
0.06,-8.75,0.40467,0.9772,0.39004,0.07855,10.89197,-0.005733427
0.06,-8.125,0.4144,0.97326,0.39972,0.0873,10.59201,-0.006188806
0.06,-7.5,0.42477,0.96837,0.41005,0.09378,10.23392,-0.006688121
0.06,-6.875,0.43582,0.96336,0.42109,0.09388,9.90569,-0.007254503
0.06,-6.25,0.4476,0.95778,0.43289,0.0948,9.56996,-0.007890564
0.06,-5.625,0.46014,0.95205,0.44549,0.09599,9.25981,-0.008608392
0.06,-5,0.47346,0.94604,0.45892,0.0975,8.96463,-0.009419553
0.06,-4.375,0.48757,0.93942,0.47319,0.09913,8.66403,-0.010324569
0.06,-3.75,0.50243,0.93291,0.48827,0.10082,8.40317,-0.011331874
0.06,-3.125,0.51798,0.92557,0.50409,0.10261,8.12335,-0.012427814
0.06,-2.5,0.53409,0.91996,0.52054,0.10436,7.95341,-0.013626645
0.06,-1.875,0.55065,0.91386,0.53749,0.10607,7.77404,-0.01490158
0.06,-1.25,0.56751,0.9086,0.55477,0.10775,7.64235,-0.016233744
0.06,-0.625,0.58453,0.9039,0.57226,0.10938,7.54126,-0.017606871
0.06,0,0.60159,0.90035,0.58981,0.11096,7.49159,-0.019013132
0.06,5,0.73258,0.88602,0.72479,0.12157,7.60585,-0.030059199
0.06,10,0.84901,0.8815,0.84469,0.12932,8.0569,-0.03978005
0.06,15,0.95292,0.88007,0.95152,0.13523,8.54363,-0.048277491
0.06,20,1.04722,0.87868,1.04832,0.13993,8.99303,-0.055831279
0.08,-20,0.29647,1.02778,0.28002,0.03222,15.40682,-0.002238116
0.08,-17.5,0.31317,1.02229,0.29605,0.03711,14.34323,-0.002647934
0.08,-15,0.33294,1.01613,0.31511,0.0438,13.40447,-0.00319997
0.08,-13.75,0.34428,1.01229,0.32607,0.04817,12.8934,-0.003551424
0.08,-12.5,0.35681,1.00765,0.33821,0.05353,12.33332,-0.003971629
0.08,-11.25,0.37072,1.0025,0.35173,0.06036,11.79162,-0.004483934
0.08,-10,0.38626,0.99614,0.36688,0.06934,11.19501,-0.005105022
0.08,-9.375,0.39473,0.99269,0.37516,0.07516,10.90769,-0.005467617
0.08,-8.75,0.40372,0.98829,0.38396,0.08238,10.55067,-0.005864916
0.08,-8.125,0.41326,0.98466,0.39333,0.09324,10.30372,-0.006320256
0.08,-7.5,0.42341,0.97962,0.40331,0.09365,9.9573,-0.006826306
0.08,-6.875,0.43421,0.97446,0.41396,0.09418,9.63846,-0.007387071
0.08,-6.25,0.44568,0.96916,0.42531,0.0952,9.34351,-0.008022551
0.08,-5.625,0.45787,0.96284,0.4374,0.09643,9.01063,-0.008731421
0.08,-5,0.47078,0.95678,0.45025,0.09793,8.73075,-0.009529011
0.08,-4.375,0.4844,0.95065,0.46386,0.09955,8.47491,-0.010417322
0.08,-3.75,0.49871,0.944,0.47818,0.10118,8.21727,-0.011393018
0.08,-3.125,0.51362,0.93783,0.49317,0.10289,8.00697,-0.012463428
0.08,-2.5,0.52905,0.93148,0.5087,0.1046,7.80575,-0.013609877
0.08,-1.875,0.54486,0.92597,0.52467,0.10627,7.65731,-0.014825691
0.08,-1.25,0.56093,0.92101,0.54093,0.10789,7.54065,-0.016100859
0.08,-0.625,0.57715,0.91629,0.55736,0.10947,7.43987,-0.017417372
0.08,0,0.5934,0.91255,0.57385,0.11099,7.38157,-0.01875789
0.08,5,0.71838,0.89879,0.7009,0.12126,7.50262,-0.029297017
0.08,10,0.82996,0.8937,0.81424,0.12885,7.91061,-0.038621159
0.08,15,0.92982,0.89229,0.91552,0.13469,8.37857,-0.046800435
0.08,20,1.02061,0.89078,1.00746,0.13934,8.80459,-0.054086373
0.1,-20,0.296942394,1.038961575,0.277044869,0.033390731,14.8503575,-0.002300266
0.1,-17.5,0.31354,1.03373,0.2928,0.03848,13.94431,-0.002730146
0.1,-15,0.33317,1.02716,0.3115,0.04545,13.00052,-0.003298455
0.1,-13.75,0.34441,1.0232,0.32224,0.04999,12.51097,-0.00364898
0.1,-12.5,0.35681,1.01841,0.33412,0.05563,11.97449,-0.004083636
0.1,-11.25,0.37055,1.0131,0.34732,0.06276,11.45421,-0.004598477
0.1,-10,0.38588,1.00633,0.36209,0.07229,10.85467,-0.005229496
0.1,-9.375,0.39421,1.00323,0.37014,0.07855,10.62496,-0.005586894
0.1,-8.75,0.40304,0.99915,0.37869,0.08653,10.32112,-0.005991949
0.1,-8.125,0.41241,0.99452,0.38778,0.09387,9.99977,-0.006450271
0.1,-7.5,0.42235,0.99023,0.39745,0.09376,9.73863,-0.006954264
0.1,-6.875,0.4329,0.98493,0.40774,0.09448,9.42588,-0.007519535
0.1,-6.25,0.44409,0.9795,0.41869,0.0956,9.13652,-0.008146887
0.1,-5.625,0.45594,0.97346,0.43031,0.09685,8.83829,-0.008847922
0.1,-5,0.46846,0.96748,0.44263,0.09834,8.57416,-0.009635043
0.1,-4.375,0.48164,0.96088,0.45563,0.09994,8.30297,-0.010496647
0.1,-3.75,0.49543,0.95444,0.46928,0.10155,8.06548,-0.011450332
0.1,-3.125,0.50977,0.94781,0.48351,0.10316,7.84062,-0.012490489
0.1,-2.5,0.52456,0.94171,0.49823,0.10478,7.65841,-0.013599906
0.1,-1.875,0.53969,0.93648,0.51332,0.1064,7.52545,-0.014768969
0.1,-1.25,0.55505,0.93184,0.52867,0.10796,7.42459,-0.015988864
0.1,-0.625,0.57053,0.92782,0.54417,0.10948,7.35348,-0.017240778
0.1,0,0.586044912,0.923581431,0.559716867,0.110980473,7.275996384,-0.018518401
0.1,5,0.70558,0.90959,0.67971,0.12097,7.37155,-0.02860071
0.1,10,0.81272,0.90496,0.78721,0.1284,7.77942,-0.037563981
0.1,15,0.90888,0.90324,0.88354,0.13416,8.21532,-0.045452273
0.1,20,0.996448862,0.901337876,0.971137137,0.138774401,8.629134549,-0.052499133
0.12,-20,0.29757,1.05002,0.27455,0.03457,14.5585,-0.002374887
0.12,-17.5,0.31408,1.04418,0.29005,0.03985,13.57514,-0.002808581
0.12,-15,0.33357,1.03752,0.30843,0.0471,12.68431,-0.003388665
0.12,-13.75,0.34472,1.0331,0.31897,0.05186,12.15827,-0.003753577
0.12,-12.5,0.35699,1.02852,0.3306,0.0577,11.68765,-0.00418931
0.12,-11.25,0.37058,1.02306,0.34352,0.06525,11.18199,-0.004714364
0.12,-10,0.3857,1.01644,0.35794,0.07539,10.63461,-0.005348162
0.12,-9.375,0.39391,1.01233,0.36579,0.08207,10.31988,-0.005714259
0.12,-8.75,0.40259,1.0086,0.37411,0.09157,10.06934,-0.006123829
0.12,-8.125,0.41179,1.00431,0.38294,0.09363,9.7944,-0.006580572
0.12,-7.5,0.42153,0.99945,0.39232,0.09401,9.50169,-0.007078188
0.12,-6.875,0.43185,0.99402,0.40228,0.09486,9.19756,-0.007649452
0.12,-6.25,0.44277,0.98845,0.41285,0.09599,8.91617,-0.008267139
0.12,-5.625,0.4543,0.98319,0.42405,0.09726,8.68099,-0.008973099
0.12,-5,0.46646,0.97662,0.43588,0.09873,8.39441,-0.009737331
0.12,-4.375,0.47921,0.97058,0.44833,0.1003,8.16321,-0.010588912
0.12,-3.75,0.49252,0.96437,0.46136,0.10187,7.94451,-0.01151414
0.12,-3.125,0.50632,0.95834,0.47491,0.10346,7.7536,-0.012517466
0.12,-2.5,0.52053,0.95215,0.48889,0.10503,7.5703,-0.013590566
0.12,-1.875,0.53504,0.94654,0.5032,0.10658,7.42227,-0.014714189
0.12,-1.25,0.54975,0.94188,0.51774,0.1081,7.3219,-0.015889087
0.12,-0.625,0.56456,0.9386,0.5324,0.10957,7.27959,-0.017085084
0.12,0,0.57941,0.93442,0.54711,0.11099,7.20219,-0.018315706
0.12,5,0.69396,0.92069,0.6608,0.12068,7.29596,-0.027961622
0.12,10,0.79704,0.91542,0.76306,0.12796,7.66115,-0.036610304
0.12,15,0.88979,0.9137,0.85493,0.13365,8.08221,-0.044227948
0.12,20,0.9744,0.91263,0.93863,0.13821,8.49755,-0.051049897
0.14,-20,0.29832,1.05974,0.27244,0.03576,14.18016,-0.002445616
0.14,-17.5,0.31475,1.0542,0.28773,0.04124,13.32333,-0.002895319
0.14,-15,0.33412,1.047,0.3058,0.04878,12.39081,-0.003484059
0.14,-13.75,0.34518,1.04246,0.31616,0.05371,11.87958,-0.003861189
0.14,-12.5,0.35734,1.0374,0.32758,0.05989,11.37766,-0.004298528
0.14,-11.25,0.37078,1.03144,0.34023,0.06774,10.85133,-0.00483375
0.14,-10,0.3857,1.02476,0.35432,0.07849,10.33897,-0.005468689
0.14,-9.375,0.39378,1.02149,0.36198,0.08597,10.12147,-0.0058351
0.14,-8.75,0.40233,1.01672,0.3701,0.09395,9.79522,-0.006249337
0.14,-8.125,0.41136,1.0128,0.37869,0.0937,9.56792,-0.00670244
0.14,-7.5,0.42091,1.00782,0.3878,0.09427,9.28273,-0.007209608
0.14,-6.875,0.43101,1.00273,0.39745,0.09524,9.01852,-0.00777292
0.14,-6.25,0.44167,0.99703,0.40767,0.09637,8.74101,-0.008395494
0.14,-5.625,0.4529,0.99167,0.41847,0.09765,8.51032,-0.009078371
0.14,-5,0.46471,0.98567,0.42986,0.0991,8.26594,-0.009842591
0.14,-4.375,0.47707,0.97916,0.4418,0.10063,8.01846,-0.010673994
0.14,-3.75,0.48993,0.97321,0.45427,0.10217,7.81918,-0.011579461
0.14,-3.125,0.50323,0.96745,0.46721,0.10371,7.64567,-0.012555874
0.14,-2.5,0.5169,0.96155,0.48052,0.10523,7.47837,-0.013579716
0.14,-1.875,0.53083,0.95662,0.49413,0.10673,7.36105,-0.01467475
0.14,-1.25,0.54495,0.95159,0.50793,0.10818,7.24556,-0.015799537
0.14,-0.625,0.55915,0.94834,0.52184,0.10959,7.20204,-0.016945761
0.14,0,0.57339,0.94429,0.5358,0.11096,7.13168,-0.018117184
0.14,5,0.68337,0.93055,0.64382,0.12042,7.2104,-0.027388035
0.14,10,0.7827,0.92578,0.74135,0.12758,7.58054,-0.03572824
0.14,15,0.87231,0.92344,0.82919,0.13317,7.96084,-0.043090974
0.14,20,0.95419,0.92186,0.90935,0.13769,8.34185,-0.049705218
0.15,-20,0.298742754,1.06405364,0.271518175,0.03634403,13.94846612,-0.002479616
0.15,0,0.570579224,0.948652605,0.530564911,0.110991238,7.08732431,-0.018029696
0.15,20,0.9446926,0.925958557,0.895770861,0.137455974,8.276112023,-0.049075945
0.16,-20,0.29918,1.06865,0.27067,0.03694,13.82814,-0.002519841
0.16,-17.5,0.31554,1.06297,0.28575,0.04262,13.00133,-0.002972893
0.16,-15,0.33479,1.05534,0.30356,0.05046,12.06385,-0.003580379
0.16,-13.75,0.34576,1.05103,0.31374,0.05563,11.62031,-0.003957423
0.16,-12.5,0.35781,1.04585,0.32496,0.062,11.13217,-0.004410254
0.16,-11.25,0.3711,1.0401,0.33737,0.07034,10.65651,-0.004946386
0.16,-10,0.38583,1.03326,0.35116,0.08191,10.15258,-0.005591552
0.16,-9.375,0.3938,1.02942,0.35865,0.09048,9.89626,-0.005965944
0.16,-8.75,0.40221,1.02502,0.36656,0.09366,9.61658,-0.006377021
0.16,-8.125,0.41109,1.02004,0.37493,0.09392,9.32054,-0.006832297
0.16,-7.5,0.42045,1.01592,0.38379,0.09462,9.11264,-0.007338015
0.16,-6.875,0.43034,1.01023,0.39316,0.09559,8.82082,-0.0078922
0.16,-6.25,0.44075,1.00538,0.40305,0.09674,8.60812,-0.008513705
0.16,-5.625,0.4517,0.99942,0.41349,0.09803,8.35055,-0.009192848
0.16,-5,0.46318,0.99332,0.42446,0.09945,8.11129,-0.009940459
0.16,-4.375,0.47516,0.98742,0.43594,0.10094,7.90313,-0.010756536
0.16,-3.75,0.48761,0.98064,0.44789,0.10244,7.6719,-0.011636494
0.16,-3.125,0.50045,0.97518,0.46026,0.10393,7.51542,-0.012584601
0.16,-2.5,0.51361,0.97033,0.47297,0.1054,7.39633,-0.013581687
0.16,-1.875,0.52702,0.965,0.48593,0.10684,7.26456,-0.014627432
0.16,-1.25,0.54058,0.96108,0.49908,0.10824,7.1926,-0.015714959
0.16,-0.625,0.55423,0.9571,0.51232,0.10964,7.12187,-0.016822804
0.16,0,0.5679,0.95306,0.52559,0.11099,7.05128,-0.017954089
0.16,5,0.67368,0.93979,0.62849,0.12018,7.13474,-0.026860633
0.16,10,0.76954,0.93489,0.72171,0.12718,7.4851,-0.034907454
0.16,15,0.85624,0.93217,0.8059,0.13272,7.83669,-0.042049067
0.16,20,0.93557,0.93117,0.88283,0.13718,8.22939,-0.048468389
0.18,-20,0.30013,1.07685,0.26918,0.03814,13.49853,-0.002596275
0.18,-17.5,0.31642,1.07053,0.28407,0.04404,12.61593,-0.003052687
0.18,-15,0.33555,1.06332,0.30163,0.05217,11.80918,-0.003670513
0.18,-13.75,0.34644,1.05854,0.31166,0.05753,11.33118,-0.004060165
0.18,-12.5,0.35838,1.0536,0.32269,0.06427,10.90195,-0.004514408
0.18,-11.25,0.37154,1.04734,0.33487,0.07294,10.4014,-0.005061932
0.18,-10,0.38608,1.04058,0.34838,0.08542,9.93471,-0.00571267
0.18,-9.375,0.39394,1.03666,0.3557,0.09411,9.6852,-0.006087171
0.18,-8.75,0.40222,1.03216,0.36343,0.09371,9.41263,-0.006500263
0.18,-8.125,0.41094,1.02806,0.3716,0.09415,9.19361,-0.006958175
0.18,-7.5,0.42013,1.02336,0.38022,0.09493,8.95375,-0.007462153
0.18,-6.875,0.42981,1.01805,0.38932,0.09593,8.6969,-0.008015935
0.18,-6.25,0.43999,1.01211,0.39891,0.0971,8.42777,-0.008630767
0.18,-5.625,0.45067,1.00604,0.409,0.0984,8.17713,-0.009297894
0.18,-5,0.46183,1.00107,0.41959,0.09979,8.0047,-0.010037318
0.18,-4.375,0.47346,0.99509,0.43064,0.10123,7.79732,-0.010834053
0.18,-3.75,0.48551,0.98896,0.44212,0.10268,7.60007,-0.011694363
0.18,-3.125,0.49792,0.98344,0.45397,0.10412,7.44437,-0.012610771
0.18,-2.5,0.51062,0.97818,0.46612,0.10554,7.30789,-0.013584557
0.18,-1.875,0.52353,0.97397,0.47851,0.10696,7.22157,-0.014598245
0.18,-1.25,0.53659,0.96928,0.49105,0.10835,7.12059,-0.015640621
0.18,-0.625,0.54972,0.96571,0.50367,0.1097,7.06454,-0.016702965
0.18,0,0.56287,0.96235,0.51633,0.11098,7.01731,-0.017790293
0.18,5,0.66477,0.94789,0.61457,0.11993,7.04682,-0.026380155
0.18,10,0.75742,0.94277,0.70387,0.12683,7.37403,-0.034156169
0.18,15,0.8414,0.94067,0.78471,0.13228,7.73681,-0.04108814
0.18,20,0.91837,0.93952,0.85871,0.13671,8.11098,-0.047327906
0.2,-20,0.30115,1.08441,0.26793,0.03934,13.18925,-0.002670047
0.2,-17.5,0.31737,1.07843,0.28266,0.04545,12.41701,-0.003136314
0.2,-15,0.33639,1.07067,0.29999,0.05389,11.5709,-0.003767314
0.2,-13.75,0.3472,1.06578,0.30987,0.05947,11.10451,-0.004159554
0.2,-12.5,0.35904,1.06072,0.32072,0.06652,10.68557,-0.004624264
0.2,-11.25,0.37206,1.05432,0.33268,0.07571,10.1967,-0.005173663
0.2,-10,0.38643,1.04729,0.34593,0.0895,9.73051,-0.00582775
0.2,-9.375,0.39417,1.04379,0.3531,0.09378,9.52668,-0.006207766
0.2,-8.75,0.40232,1.03919,0.36065,0.09378,9.25833,-0.006623306
0.2,-8.125,0.4109,1.0345,0.36862,0.09434,9.00749,-0.007075792
0.2,-7.5,0.41992,1.0297,0.37702,0.09523,8.77291,-0.007580497
0.2,-6.875,0.4294,1.0248,0.38587,0.09632,8.55135,-0.008135454
0.2,-6.25,0.43935,1.01926,0.39518,0.09752,8.315,-0.008742001
0.2,-5.625,0.44977,1.01359,0.40495,0.09879,8.09194,-0.009407462
0.2,-5,0.46064,1.00791,0.41518,0.10013,7.88752,-0.01012987
0.2,-4.375,0.47194,1.00145,0.42583,0.10151,7.66451,-0.010915835
0.2,-3.75,0.48361,0.9964,0.43687,0.10292,7.52045,-0.011754018
0.2,-3.125,0.49562,0.99044,0.44824,0.10432,7.34862,-0.012646386
0.2,-2.5,0.50788,0.98592,0.45989,0.10571,7.24476,-0.013586244
0.2,-1.875,0.52035,0.98051,0.47174,0.10709,7.11157,-0.014562881
0.2,-1.25,0.53293,0.977,0.48373,0.10843,7.0565,-0.015568264
0.2,-0.625,0.54559,0.97304,0.4958,0.10973,6.98552,-0.016604357
0.2,0,0.558254254,0.969415712,0.507891206,0.11099082,6.929981823,-0.017640242
0.2,5,0.65655,0.95609,0.60188,0.11972,6.98705,-0.025927771
0.2,10,0.7462,0.95078,0.68759,0.12647,7.29419,-0.033463776
0.2,15,0.82765,0.94813,0.76536,0.13186,7.63275,-0.040186667
0.2,20,0.90242,0.94735,0.83665,0.13625,8.00239,-0.046259251
0.22,-20,0.30222,1.09137,0.26689,0.04054,12.89819,-0.002740943
0.22,-17.5,0.31838,1.08525,0.28146,0.04687,12.15085,-0.003227331
0.22,-15,0.33729,1.07745,0.29857,0.05563,11.34586,-0.003863095
0.22,-13.75,0.34802,1.07283,0.30831,0.06145,10.93519,-0.004260681
0.22,-12.5,0.35976,1.06727,0.319,0.06875,10.48192,-0.004732303
0.22,-11.25,0.37265,1.06112,0.33076,0.07851,10.03995,-0.005280829
0.22,-10,0.38685,1.05343,0.34377,0.09439,9.53804,-0.005946174
0.22,-9.375,0.39449,1.04934,0.35078,0.09363,9.30013,-0.006325864
0.22,-8.75,0.40251,1.04569,0.35817,0.09394,9.11301,-0.006746875
0.22,-8.125,0.41095,1.04038,0.36596,0.09465,8.83147,-0.007199244
0.22,-7.5,0.4198,1.03602,0.37415,0.09559,8.6339,-0.007707195
0.22,-6.875,0.4291,1.0305,0.38276,0.09668,8.38649,-0.008253633
0.22,-6.25,0.43883,1.02539,0.3918,0.09786,8.18208,-0.008849967
0.22,-5.625,0.449,1.0191,0.40127,0.09912,7.93636,-0.009504754
0.22,-5,0.45958,1.01425,0.41116,0.10044,7.77859,-0.010220879
0.22,-4.375,0.47056,1.00849,0.42144,0.1018,7.59224,-0.010981179
0.22,-3.75,0.48189,1.00299,0.43207,0.10317,7.43164,-0.011807114
0.22,-3.125,0.49351,0.99816,0.44301,0.10454,7.30772,-0.012677257
0.22,-2.5,0.50538,0.99242,0.45419,0.10589,7.15698,-0.013591627
0.22,-1.875,0.51741,0.9886,0.46555,0.10722,7.0852,-0.014531667
0.22,-1.25,0.52956,0.9847,0.47704,0.10851,7.01331,-0.015510245
0.22,-0.625,0.54177,0.98075,0.48859,0.10976,6.9432,-0.01649738
0.22,0,0.554,0.97689,0.50017,0.11095,6.87758,-0.017508794
0.22,5,0.64894,0.96385,0.59027,0.1195,6.93492,-0.025507873
0.22,10,0.73579,0.95834,0.67267,0.12614,7.2247,-0.032808863
0.22,15,0.81487,0.956,0.74761,0.13141,7.56225,-0.039355989
0.22,20,0.88757,0.9551,0.81641,0.13581,7.91783,-0.045267495
0.24,-20,0.30334,1.09781,0.26603,0.04176,12.6236,-0.002815438
0.24,-17.5,0.31943,1.09208,0.28045,0.04829,11.97673,-0.003309872
0.24,-15,0.33825,1.08371,0.29736,0.05736,11.13357,-0.003954701
0.24,-13.75,0.3489,1.07899,0.30697,0.06345,10.73294,-0.0043589
0.24,-12.5,0.36055,1.07292,0.3175,0.07113,10.25147,-0.004836749
0.24,-11.25,0.37331,1.06664,0.32908,0.0815,9.823,-0.005396899
0.24,-10,0.38733,1.05959,0.34184,0.09377,9.39646,-0.006064033
0.24,-9.375,0.39486,1.05542,0.34872,0.09371,9.1621,-0.006444504
0.24,-8.75,0.40277,1.05117,0.35595,0.0942,8.94086,-0.006861721
0.24,-8.125,0.41107,1.04629,0.36356,0.09499,8.69961,-0.007322271
0.24,-7.5,0.41976,1.04185,0.37155,0.09594,8.50429,-0.007817106
0.24,-6.875,0.42887,1.03677,0.37994,0.09701,8.28881,-0.008362259
0.24,-6.25,0.43839,1.03158,0.38873,0.09819,8.08516,-0.008957728
0.24,-5.625,0.44832,1.02572,0.39792,0.09944,7.86591,-0.009603515
0.24,-5,0.45864,1.02015,0.4075,0.10074,7.67754,-0.010308111
0.24,-4.375,0.46932,1.01431,0.41743,0.10207,7.49213,-0.011055485
0.24,-3.75,0.48032,1.00875,0.42768,0.1034,7.33286,-0.011861112
0.24,-3.125,0.49158,1.00429,0.43821,0.10473,7.22645,-0.012708962
0.24,-2.5,0.50307,0.99891,0.44895,0.10605,7.0908,-0.013588477
0.24,-1.875,0.51471,0.99467,0.45987,0.10732,7.00393,-0.014505136
0.24,-1.25,0.52645,0.9912,0.47089,0.10857,6.9488,-0.015446874
0.24,-0.625,0.53825,0.98768,0.48198,0.10977,6.89266,-0.016409167
0.24,0,0.55006,0.98383,0.49308,0.11099,6.82646,-0.017382969
0.24,5,0.64188,0.9706,0.5796,0.1193,6.86834,-0.025119571
0.24,10,0.72611,0.96549,0.65895,0.12579,7.15815,-0.032204989
0.24,15,0.80297,0.96272,0.73127,0.13106,7.47284,-0.038570332
0.24,20,0.87373,0.96162,0.79776,0.13537,7.8099,-0.044333537
0.26,-20,0.30449,1.10429,0.26532,0.04298,12.45199,-0.002884935
0.26,-17.5,0.32053,1.0979,0.2796,0.04974,11.73632,-0.00339455
0.26,-15,0.33925,1.08909,0.29633,0.05917,10.88666,-0.004048208
0.26,-13.75,0.34983,1.08428,0.30581,0.06543,10.49921,-0.004458643
0.26,-12.5,0.36137,1.07889,0.3162,0.07351,10.10822,-0.004945382
0.26,-11.25,0.374,1.07249,0.32759,0.08462,9.68462,-0.005510613
0.26,-10,0.38786,1.0653,0.34013,0.09365,9.26366,-0.006178111
0.26,-9.375,0.39529,1.06106,0.34688,0.09391,9.031,-0.006567937
0.26,-8.75,0.40308,1.05673,0.35396,0.09449,8.81338,-0.006980065
0.26,-8.125,0.41124,1.05231,0.3614,0.09529,8.60774,-0.00743925
0.26,-7.5,0.41979,1.04671,0.3692,0.09625,8.34991,-0.007935493
0.26,-6.875,0.42872,1.04155,0.37738,0.09733,8.13949,-0.008475624
0.26,-6.25,0.43804,1.03627,0.38593,0.09851,7.94029,-0.009067076
0.26,-5.625,0.44774,1.03088,0.39485,0.09974,7.75119,-0.00970083
0.26,-5,0.4578,1.02523,0.40413,0.10102,7.56506,-0.010391642
0.26,-4.375,0.46819,1.02014,0.41374,0.10232,7.41665,-0.011124757
0.26,-3.75,0.47887,1.01535,0.42364,0.10362,7.28975,-0.011913834
0.26,-3.125,0.48981,1.00962,0.43378,0.10491,7.13488,-0.01273095
0.26,-2.5,0.50093,1.00588,0.44413,0.10618,7.06283,-0.013591349
0.26,-1.875,0.51221,1.0008,0.45463,0.10741,6.94489,-0.014485522
0.26,-1.25,0.52357,0.99734,0.46523,0.10861,6.88914,-0.015395544
0.26,-0.625,0.53498,0.99426,0.47588,0.10983,6.84834,-0.016323491
0.26,0,0.5464,0.991,0.48655,0.11099,6.80198,-0.017264608
0.26,5,0.6353,0.97761,0.56975,0.1191,6.82742,-0.024758028
0.26,10,0.71707,0.97226,0.64628,0.12552,7.10151,-0.031640642
0.26,15,0.79184,0.96905,0.71617,0.13065,7.3882,-0.037837694
0.26,20,0.86077,0.96814,0.78052,0.13494,7.72375,-0.043463528
0.28,-20,0.30568,1.10981,0.26476,0.0442,12.20234,-0.002964117
0.28,-17.5,0.32166,1.10329,0.2789,0.05119,11.50833,-0.003472858
0.28,-15,0.34027,1.09485,0.29544,0.06095,10.74231,-0.004146029
0.28,-13.75,0.35078,1.08994,0.30482,0.06755,10.35923,-0.004564085
0.28,-12.5,0.36223,1.08404,0.31505,0.07595,9.93588,-0.005049713
0.28,-11.25,0.37474,1.07752,0.32627,0.08808,9.52076,-0.005616119
0.28,-10,0.38844,1.06952,0.3386,0.09369,9.05933,-0.006293138
0.28,-9.375,0.39577,1.06575,0.34522,0.09405,8.87156,-0.006680407
0.28,-8.75,0.40344,1.06134,0.35216,0.09471,8.65773,-0.007090716
0.28,-8.125,0.41147,1.05685,0.35944,0.09556,8.45588,-0.00754738
0.28,-7.5,0.41986,1.05227,0.36706,0.09655,8.26497,-0.008043769
0.28,-6.875,0.42862,1.04702,0.37504,0.09764,8.05475,-0.008583089
0.28,-6.25,0.43775,1.04112,0.38337,0.09881,7.82947,-0.009170476
0.28,-5.625,0.44722,1.03676,0.39204,0.10003,7.69312,-0.009800848
0.28,-5,0.45704,1.03118,0.40104,0.10129,7.51276,-0.010472603
0.28,-4.375,0.46716,1.02563,0.41034,0.10256,7.34651,-0.011194083
0.28,-3.75,0.47755,1.0208,0.41991,0.10383,7.21964,-0.011960316
0.28,-3.125,0.48816,1.0163,0.4297,0.10507,7.1125,-0.012763014
0.28,-2.5,0.49896,1.01127,0.43968,0.1063,6.99257,-0.013597204
0.28,-1.875,0.50988,1.00746,0.44979,0.10748,6.92054,-0.014462943
0.28,-1.25,0.52089,1.00358,0.45999,0.1087,6.85016,-0.015343598
0.28,-0.625,0.53194,1.00009,0.47024,0.10986,6.79429,-0.016252541
0.28,0,0.543,0.9973,0.48051,0.11097,6.76355,-0.017161485
0.28,5,0.62916,0.98432,0.56065,0.11893,6.79337,-0.024418049
0.28,10,0.70862,0.97799,0.63455,0.1252,7.02272,-0.031107015
0.28,15,0.78141,0.97578,0.70218,0.13032,7.33775,-0.037156725
0.28,20,0.84862,0.97431,0.76454,0.13455,7.64376,-0.04264293
0.3,-20,0.30689,1.11492,0.2643,0.04545,11.96603,-0.003039221
0.3,-17.5,0.32281,1.10827,0.27832,0.05265,11.29191,-0.00355395
0.3,-15,0.34133,1.09939,0.2947,0.06275,10.51703,-0.004236381
0.3,-13.75,0.35176,1.09481,0.30396,0.06963,10.18608,-0.004664694
0.3,-12.5,0.36312,1.0888,0.31406,0.07857,9.77161,-0.005147993
0.3,-11.25,0.37551,1.08175,0.32511,0.09227,9.33282,-0.005725267
0.3,-10,0.38904,1.07444,0.33723,0.09376,8.94067,-0.006407227
0.3,-9.375,0.39628,1.07005,0.34373,0.09425,8.71901,-0.006789152
0.3,-8.75,0.40384,1.06557,0.35054,0.09497,8.51028,-0.007204585
0.3,-8.125,0.41174,1.06101,0.35766,0.09585,8.31287,-0.007663525
0.3,-7.5,0.41998,1.05692,0.36511,0.09685,8.1553,-0.008155972
0.3,-6.875,0.42858,1.05104,0.3729,0.09794,7.9194,-0.008692283
0.3,-6.25,0.43751,1.04674,0.38101,0.0991,7.77715,-0.009263827
0.3,-5.625,0.44678,1.04121,0.38944,0.10031,7.58917,-0.0098837
0.3,-5,0.45636,1.03556,0.39818,0.10154,7.41091,-0.010557437
0.3,-4.375,0.46622,1.0308,0.40719,0.10278,7.28082,-0.011262598
0.3,-3.75,0.47633,1.02594,0.41645,0.10401,7.1549,-0.012009185
0.3,-3.125,0.48664,1.02141,0.42592,0.10522,7.04822,-0.01279547
0.3,-2.5,0.49712,1.01723,0.43555,0.1064,6.95965,-0.013607646
0.3,-1.875,0.50772,1.01298,0.4453,0.10759,6.87222,-0.014440534
0.3,-1.25,0.51839,1.00955,0.45514,0.10876,6.81536,-0.015308957
0.3,-0.625,0.52911,1.00563,0.46502,0.10988,6.74514,-0.016174284
0.3,0,0.53982,1.00332,0.47491,0.11097,6.72883,-0.017061337
0.3,5,0.62342,0.99008,0.5522,0.11873,6.74184,-0.024101896
0.3,10,0.70069,0.9841,0.62366,0.12492,6.97593,-0.030616173
0.3,15,0.77162,0.98144,0.68917,0.12996,7.26392,-0.036503457
0.3,20,0.8372,0.98016,0.74967,0.13416,7.57,-0.041865996
0.32,-20,0.30811,1.12023,0.26395,0.04669,11.82216,-0.003109762
0.32,-17.5,0.32398,1.11289,0.27786,0.05414,11.08551,-0.003640849
0.32,-15,0.3424,1.10441,0.29406,0.06464,10.38834,-0.004328461
0.32,-13.75,0.35277,1.0989,0.30322,0.07173,9.98185,-0.004757098
0.32,-12.5,0.36403,1.09321,0.31319,0.08115,9.61495,-0.005252586
0.32,-11.25,0.3763,1.08603,0.32409,0.09399,9.18535,-0.005834624
0.32,-10,0.38967,1.07903,0.33601,0.09392,8.82846,-0.006514702
0.32,-9.375,0.39681,1.07457,0.34239,0.09449,8.60937,-0.006897271
0.32,-8.75,0.40426,1.0706,0.34906,0.09525,8.43576,-0.007318193
0.32,-8.125,0.41204,1.06539,0.35604,0.09615,8.20716,-0.007771796
0.32,-7.5,0.42014,1.06125,0.36333,0.09716,8.05139,-0.008258379
0.32,-6.875,0.42857,1.05585,0.37093,0.09824,7.84564,-0.008788387
0.32,-6.25,0.43732,1.05151,0.37884,0.09938,7.70433,-0.009364957
0.32,-5.625,0.44639,1.04533,0.38704,0.10057,7.49073,-0.009973463
0.32,-5,0.45574,1.04092,0.39553,0.10178,7.36889,-0.010623904
0.32,-4.375,0.46536,1.03525,0.40427,0.10299,7.20226,-0.011319116
0.32,-3.75,0.4752,1.03079,0.41324,0.10419,7.09379,-0.012055517
0.32,-3.125,0.48523,1.02668,0.4224,0.10536,7.00333,-0.012815946
0.32,-2.5,0.49541,1.02249,0.43171,0.10651,6.91413,-0.013613237
0.32,-1.875,0.5057,1.01869,0.44113,0.10769,6.84293,-0.014430227
0.32,-1.25,0.51606,1.01482,0.45062,0.10882,6.77178,-0.015259754
0.32,-0.625,0.52646,1.01136,0.46016,0.10988,6.71519,-0.016108235
0.32,0,0.53686,1.00848,0.4697,0.11099,6.68038,-0.016966716
0.32,5,0.61803,0.99556,0.54435,0.11858,6.69573,-0.023805489
0.32,10,0.69324,0.98995,0.61351,0.12467,6.93148,-0.03014108
0.32,15,0.76241,0.98679,0.67705,0.12962,7.19597,-0.035900207
0.32,20,0.82644,0.98571,0.7358,0.13377,7.50097,-0.04113793
0.34,-20,0.30935,1.12463,0.26369,0.04793,11.60487,-0.003186824
0.34,-17.5,0.32517,1.11716,0.27749,0.05562,10.88852,-0.003724803
0.34,-15,0.34349,1.10867,0.29354,0.06649,10.22375,-0.004421393
0.34,-13.75,0.35378,1.1035,0.30259,0.07398,9.86435,-0.004857693
0.34,-12.5,0.36495,1.09772,0.31244,0.08397,9.5005,-0.005362174
0.34,-11.25,0.3771,1.09086,0.32318,0.09376,9.10627,-0.005941507
0.34,-10,0.39032,1.08331,0.33491,0.09416,8.72212,-0.006624214
0.34,-9.375,0.39736,1.07936,0.34117,0.09478,8.53968,-0.007010027
0.34,-8.75,0.40471,1.07417,0.34772,0.09557,8.30016,-0.007426966
0.34,-8.125,0.41236,1.07006,0.35456,0.09647,8.13776,-0.007873915
0.34,-7.5,0.42033,1.06469,0.36169,0.09747,7.92322,-0.00836458
0.34,-6.875,0.4286,1.06039,0.36912,0.09853,7.77592,-0.008890813
0.34,-6.25,0.43718,1.05483,0.37683,0.09965,7.58163,-0.009451501
0.34,-5.625,0.44604,1.05034,0.38482,0.10082,7.44861,-0.01005887
0.34,-5,0.45518,1.04516,0.39307,0.10201,7.29401,-0.010706988
0.34,-4.375,0.46456,1.04032,0.40156,0.1032,7.16445,-0.011379562
0.34,-3.75,0.47415,1.03583,0.41026,0.10436,7.05493,-0.012101032
0.34,-3.125,0.48392,1.03081,0.41912,0.10549,6.93112,-0.012842139
0.34,-2.5,0.49382,1.02707,0.42813,0.10664,6.8591,-0.013619178
0.34,-1.875,0.50382,1.02326,0.43724,0.10778,6.78714,-0.014408444
0.34,-1.25,0.51388,1.01985,0.44641,0.10886,6.73058,-0.015226971
0.34,-0.625,0.52398,1.0164,0.45563,0.10993,6.67566,-0.01604476
0.34,0,0.53408,1.01339,0.46485,0.11099,6.6343,-0.016882548
0.34,5,0.61297,1.00147,0.53702,0.11842,6.67459,-0.023520346
0.34,10,0.68623,0.99554,0.60405,0.12439,6.89129,-0.02970608
0.34,15,0.75373,0.99187,0.66573,0.12931,7.13179,-0.035320851
0.34,20,0.81629,0.99098,0.72284,0.13342,7.43591,-0.040449138
0.36,-20,0.3106,1.1293,0.26351,0.0492,11.47621,-0.003260268
0.36,-17.5,0.32636,1.1217,0.2772,0.0571,10.76606,-0.003807679
0.36,-15,0.34458,1.11307,0.2931,0.06836,10.1078,-0.004517315
0.36,-13.75,0.35481,1.10737,0.30205,0.0762,9.71355,-0.004953408
0.36,-12.5,0.36589,1.10105,0.31178,0.08699,9.32275,-0.005456164
0.36,-11.25,0.37792,1.09409,0.32237,0.09365,8.93919,-0.006049404
0.36,-10,0.39099,1.08613,0.33392,0.09438,8.54668,-0.006736054
0.36,-9.375,0.39794,1.08213,0.34008,0.09507,8.37047,-0.007112933
0.36,-8.75,0.40517,1.07863,0.3465,0.09589,8.23526,-0.007529487
0.36,-8.125,0.41271,1.07328,0.3532,0.0968,8.0109,-0.007979534
0.36,-7.5,0.42054,1.06843,0.36018,0.09779,7.82921,-0.008463524
0.36,-6.875,0.42866,1.06409,0.36744,0.09883,7.68311,-0.008986293
0.36,-6.25,0.43707,1.05905,0.37497,0.09992,7.5177,-0.009546824
0.36,-5.625,0.44574,1.05452,0.38275,0.10106,7.38367,-0.010135118
0.36,-5,0.45467,1.04959,0.39078,0.10223,7.24286,-0.010769713
0.36,-4.375,0.46383,1.04471,0.39903,0.10339,7.11142,-0.011437801
0.36,-3.75,0.47318,1.0402,0.40747,0.10451,7.00196,-0.012137922
0.36,-3.125,0.48269,1.03561,0.41606,0.10561,6.89526,-0.012869057
0.36,-2.5,0.49233,1.03094,0.42479,0.10676,6.79082,-0.013626941
0.36,-1.875,0.50205,1.02806,0.4336,0.10785,6.75063,-0.014400108
0.36,-1.25,0.51184,1.02373,0.44248,0.10889,6.664,-0.015186649
0.36,-0.625,0.52165,1.02123,0.45139,0.10997,6.63849,-0.015988921
0.36,0,0.53146,1.01935,0.46031,0.11098,6.63357,-0.016797373
0.36,5,0.60821,1.0058,0.53017,0.11824,6.61414,-0.023259991
0.36,10,0.67962,1.00014,0.59519,0.12413,6.83272,-0.029282186
0.36,15,0.74552,0.99751,0.65513,0.12897,7.09955,-0.034773837
0.36,20,0.80669,0.99601,0.7107,0.13305,7.37519,-0.039790592
0.38,-20,0.31186,1.13311,0.2634,0.05047,11.27523,-0.003334869
0.38,-17.5,0.32756,1.12537,0.27699,0.05865,10.58431,-0.003888439
0.38,-15,0.34569,1.11631,0.29274,0.07035,9.91469,-0.004608601
0.38,-13.75,0.35584,1.11096,0.3016,0.07849,9.56972,-0.005050354
0.38,-12.5,0.36683,1.105,0.31121,0.09041,9.21931,-0.005559546
0.38,-11.25,0.37874,1.09837,0.32165,0.09365,8.87037,-0.006151904
0.38,-10,0.39166,1.09046,0.33302,0.09456,8.48744,-0.006833156
0.38,-9.375,0.39852,1.08639,0.33908,0.0953,8.31056,-0.007218399
0.38,-8.75,0.40565,1.08226,0.34539,0.09617,8.14179,-0.007638857
0.38,-8.125,0.41307,1.07743,0.35196,0.0971,7.94995,-0.008080427
0.38,-7.5,0.42077,1.07253,0.35879,0.09809,7.76789,-0.00856311
0.38,-6.875,0.42874,1.06814,0.36589,0.09912,7.62332,-0.009078871
0.38,-6.25,0.43698,1.06365,0.37324,0.10018,7.48308,-0.009633778
0.38,-5.625,0.44548,1.05847,0.38083,0.10129,7.32349,-0.010218003
0.38,-5,0.45421,1.05381,0.38865,0.10244,7.19399,-0.010843169
0.38,-4.375,0.46315,1.0489,0.39667,0.10357,7.06387,-0.01149979
0.38,-3.75,0.47227,1.04436,0.40486,0.10466,6.95406,-0.012179829
0.38,-3.125,0.48154,1.04021,0.4132,0.10575,6.86342,-0.012889357
0.38,-2.5,0.49093,1.03553,0.42166,0.10686,6.75819,-0.013632475
0.38,-1.875,0.50039,1.03266,0.4302,0.10792,6.71719,-0.01438132
0.38,-1.25,0.50991,1.02928,0.4388,0.10895,6.662,-0.01515196
0.38,-0.625,0.51946,1.02586,0.44743,0.10999,6.60592,-0.015928498
0.38,0,0.52901,1.02321,0.45607,0.11096,6.57616,-0.016717001
0.38,5,0.60371,1.0113,0.52375,0.11811,6.60061,-0.023009979
0.38,10,0.67337,1.00452,0.58688,0.12391,6.7744,-0.028882423
0.38,15,0.73776,1.00212,0.64518,0.12868,7.04172,-0.03425339
0.38,20,0.7976,1.00037,0.6993,0.13272,7.30399,-0.039172627
0.4,-20,0.31312,1.13664,0.26336,0.05174,11.08271,-0.003409328
0.4,-17.5,0.32876,1.12878,0.27684,0.06019,10.4101,-0.003970272
0.4,-15,0.34679,1.12017,0.29245,0.07233,9.8098,-0.004699138
0.4,-13.75,0.35688,1.11429,0.30122,0.08095,9.43113,-0.00514533
0.4,-12.5,0.36778,1.10824,0.31071,0.09438,9.08821,-0.005656946
0.4,-11.25,0.37957,1.10152,0.32102,0.09377,8.74403,-0.006251968
0.4,-10,0.39234,1.09395,0.33222,0.09478,8.3952,-0.006938748
0.4,-9.375,0.39911,1.08983,0.33817,0.09554,8.21981,-0.007319758
0.4,-8.75,0.40614,1.08564,0.34437,0.09642,8.05234,-0.007741231
0.4,-8.125,0.41345,1.08015,0.35081,0.09738,7.83227,-0.008181148
0.4,-7.5,0.42102,1.0758,0.35751,0.09837,7.68151,-0.008663545
0.4,-6.875,0.42885,1.07074,0.36445,0.09939,7.51082,-0.009174387
0.4,-6.25,0.43693,1.06683,0.37163,0.10043,7.39934,-0.009715599
0.4,-5.625,0.44525,1.0616,0.37903,0.10152,7.24154,-0.010297367
0.4,-5,0.45379,1.05736,0.38665,0.10264,7.13151,-0.010905467
0.4,-4.375,0.46253,1.05195,0.39445,0.10374,6.98379,-0.0115499
0.4,-3.75,0.47143,1.04785,0.40242,0.1048,6.89172,-0.012218648
0.4,-3.125,0.48047,1.04369,0.41052,0.10588,6.80126,-0.012915563
0.4,-2.5,0.48961,1.04041,0.41872,0.10696,6.74479,-0.013634773
0.4,-1.875,0.49883,1.0366,0.42701,0.10797,6.67289,-0.01437215
0.4,-1.25,0.5081,1.03371,0.43534,0.10901,6.63171,-0.015121546
0.4,-0.625,0.51739,1.03079,0.44371,0.11001,6.59225,-0.015883052
0.4,0,0.52669,1.02817,0.45208,0.11096,6.5621,-0.01664254
0.4,5,0.59946,1.01591,0.51773,0.11797,6.56827,-0.022774021
0.4,10,0.66745,1.00946,0.57907,0.12367,6.74692,-0.028505526
0.4,15,0.73041,1.00652,0.63583,0.1284,6.99016,-0.033762556
0.4,20,0.78897,1.00539,0.68857,0.13237,7.26536,-0.038588147
0.42,-20,0.31437,1.14053,0.26337,0.053,10.97154,-0.003481883
0.42,-17.5,0.32996,1.13254,0.27675,0.06172,10.30477,-0.004049729
0.42,-15,0.3479,1.12335,0.29223,0.07429,9.67,-0.004783716
0.42,-13.75,0.35791,1.11784,0.3009,0.08345,9.33413,-0.005235505
0.42,-12.5,0.36873,1.11124,0.31029,0.09387,8.96141,-0.005755894
0.42,-11.25,0.38041,1.10396,0.32046,0.09397,8.59476,-0.006351773
0.42,-10,0.39303,1.0966,0.33149,0.09504,8.27095,-0.007033488
0.42,-9.375,0.39971,1.09243,0.33734,0.0958,8.09929,-0.007423645
0.42,-8.75,0.40664,1.08881,0.34343,0.09667,7.96654,-0.007833449
0.42,-8.125,0.41383,1.08387,0.34976,0.09764,7.77784,-0.008282901
0.42,-7.5,0.42128,1.07885,0.35632,0.09864,7.59956,-0.008757863
0.42,-6.875,0.42897,1.07437,0.36311,0.09965,7.45739,-0.009254541
0.42,-6.25,0.4369,1.0698,0.37012,0.10067,7.31988,-0.009796386
0.42,-5.625,0.44505,1.06514,0.37735,0.10173,7.18741,-0.010370291
0.42,-5,0.45341,1.06025,0.38478,0.10283,7.05404,-0.010967293
0.42,-4.375,0.46194,1.05669,0.39237,0.1039,6.97702,-0.011597394
0.42,-3.75,0.47064,1.05163,0.40012,0.10493,6.84982,-0.012260594
0.42,-3.125,0.47945,1.04841,0.40799,0.10601,6.79244,-0.012938617
0.42,-2.5,0.48837,1.04466,0.41596,0.10705,6.71831,-0.01364112
0.42,-1.875,0.49736,1.04086,0.424,0.10802,6.64627,-0.014360516
0.42,-1.25,0.50639,1.03798,0.43209,0.10906,6.60607,-0.015094049
0.42,-0.625,0.51544,1.03508,0.44021,0.11002,6.56601,-0.015833788
0.42,0,0.5245,1.03232,0.44833,0.11098,6.52974,-0.016573527
0.42,5,0.59544,1.02036,0.51206,0.11782,6.53902,-0.022546997
0.42,10,0.66184,1.01421,0.57172,0.12341,6.72172,-0.028152323
0.42,15,0.72343,1.01072,0.62701,0.12811,6.94029,-0.033293994
0.42,20,0.78078,1.00933,0.67845,0.13207,7.20116,-0.038017169
0.44,-20,0.31563,1.14357,0.26343,0.05432,10.7923,-0.003553805
0.44,-17.5,0.33116,1.13547,0.27672,0.06326,10.14238,-0.004136576
0.44,-15,0.349,1.1263,0.29206,0.07637,9.53519,-0.00487322
0.44,-13.75,0.35895,1.12071,0.30065,0.0861,9.20548,-0.005331255
0.44,-12.5,0.36967,1.11448,0.30992,0.09365,8.87159,-0.00585321
0.44,-11.25,0.38124,1.10711,0.31996,0.09409,8.50782,-0.006448132
0.44,-10,0.39371,1.09966,0.33083,0.09533,8.18692,-0.00713872
0.44,-9.375,0.40031,1.09544,0.33659,0.09608,8.01646,-0.00752145
0.44,-8.75,0.40714,1.09178,0.34257,0.09693,7.88479,-0.00793344
0.44,-8.125,0.41422,1.08741,0.34878,0.09788,7.72853,-0.008377759
0.44,-7.5,0.42155,1.08171,0.35521,0.09889,7.52106,-0.00884864
0.44,-6.875,0.4291,1.07781,0.36186,0.0999,7.40627,-0.009346084
0.44,-6.25,0.43688,1.0732,0.36872,0.1009,7.26944,-0.009877973
0.44,-5.625,0.44487,1.06851,0.37578,0.10193,7.1371,-0.010442191
0.44,-5,0.45305,1.06438,0.38302,0.10302,7.03329,-0.011034505
0.44,-4.375,0.4614,1.05985,0.39042,0.10406,6.91982,-0.011650683
0.44,-3.75,0.46989,1.05573,0.39796,0.10506,6.82711,-0.012296491
0.44,-3.125,0.4785,1.05203,0.40562,0.10612,6.75336,-0.012967696
0.44,-2.5,0.4872,1.04827,0.41336,0.10713,6.68005,-0.013645833
0.44,-1.875,0.49597,1.04496,0.42117,0.1081,6.62255,-0.014348785
0.44,-1.25,0.50478,1.04111,0.42903,0.1091,6.55105,-0.01506232
0.44,-0.625,0.5136,1.03922,0.43691,0.11002,6.54215,-0.015780087
0.44,0,0.52243,1.03631,0.4448,0.11099,6.50226,-0.016509971
0.44,5,0.59163,1.02464,0.50672,0.11769,6.5136,-0.022335068
0.44,10,0.65652,1.01802,0.56479,0.12321,6.67374,-0.027815329
0.44,15,0.71679,1.01474,0.61869,0.12781,6.89255,-0.032853028
0.44,20,0.77299,1.01308,0.6689,0.13174,7.1399,-0.037489755
0.46,-20,0.31688,1.1464,0.26353,0.05563,10.61984,-0.003627811
0.46,-17.5,0.33235,1.13881,0.27673,0.0649,10.04614,-0.004215296
0.46,-15,0.3501,1.12903,0.29194,0.07857,9.40493,-0.004970336
0.46,-13.75,0.35998,1.12337,0.30044,0.08916,9.08204,-0.00542812
0.46,-12.5,0.37061,1.11754,0.30961,0.09364,8.78536,-0.005946441
0.46,-11.25,0.38207,1.11007,0.31952,0.09424,8.42426,-0.006544758
0.46,-10,0.3944,1.10253,0.33023,0.0956,8.10621,-0.007239015
0.46,-9.375,0.40091,1.09826,0.3359,0.09638,7.93679,-0.007618439
0.46,-8.75,0.40765,1.09392,0.34178,0.0972,7.77464,-0.008029754
0.46,-8.125,0.41462,1.09015,0.34787,0.09812,7.65104,-0.008462959
0.46,-7.5,0.42182,1.08566,0.35418,0.09913,7.50151,-0.008937244
0.46,-6.875,0.42925,1.08045,0.36069,0.10014,7.33191,-0.009432608
0.46,-6.25,0.43688,1.07645,0.3674,0.10112,7.2214,-0.009955539
0.46,-5.625,0.44472,1.07107,0.3743,0.10212,7.06449,-0.010507388
0.46,-5,0.45273,1.06691,0.38136,0.10319,6.96166,-0.01109383
0.46,-4.375,0.46089,1.06333,0.38858,0.10421,6.88456,-0.011704866
0.46,-3.75,0.4692,1.05871,0.39592,0.10519,6.77456,-0.012331847
0.46,-3.125,0.47761,1.055,0.40337,0.10623,6.70011,-0.012982612
0.46,-2.5,0.4861,1.05174,0.41091,0.1072,6.64306,-0.013652835
0.46,-1.875,0.49466,1.04793,0.41851,0.10818,6.5709,-0.01433603
0.46,-1.25,0.50325,1.04559,0.42614,0.10914,6.54625,-0.015035712
0.46,-0.625,0.51186,1.04272,0.4338,0.11005,6.50624,-0.015741881
0.46,0,0.52047,1.04017,0.44147,0.11099,6.47671,-0.016450211
0.46,5,0.58802,1.02804,0.50168,0.11758,6.46752,-0.022138213
0.46,10,0.65145,1.02246,0.55825,0.12303,6.65245,-0.02749921
0.46,15,0.71047,1.01944,0.61083,0.12757,6.87641,-0.03242753
0.46,20,0.76556,1.01756,0.65986,0.13145,7.11096,-0.036976142
0.48,-20,0.31813,1.14966,0.26367,0.05694,10.52301,-0.003699387
0.48,-17.5,0.33354,1.14133,0.27678,0.06651,9.89335,-0.004299908
0.48,-15,0.35119,1.13206,0.29187,0.08072,9.31717,-0.005058339
0.48,-13.75,0.361,1.12632,0.30028,0.09278,8.99683,-0.005513349
0.48,-12.5,0.37155,1.11993,0.30935,0.09375,8.67082,-0.006041731
0.48,-11.25,0.38289,1.11285,0.31914,0.09444,8.34374,-0.006643336
0.48,-10,0.39508,1.10522,0.32969,0.09583,8.02844,-0.007331548
0.48,-9.375,0.40151,1.1009,0.33527,0.09665,7.85991,-0.007711162
0.48,-8.75,0.40815,1.09717,0.34105,0.09749,7.73128,-0.008126068
0.48,-8.125,0.41502,1.09271,0.34703,0.09837,7.57617,-0.008556266
0.48,-7.5,0.42211,1.08818,0.35321,0.09936,7.4288,-0.009018223
0.48,-6.875,0.4294,1.08422,0.35959,0.10036,7.31376,-0.009513267
0.48,-6.25,0.4369,1.07888,0.36616,0.10134,7.15068,-0.01003463
0.48,-5.625,0.44458,1.07478,0.3729,0.10231,7.04417,-0.010574668
0.48,-5,0.45243,1.07027,0.3798,0.10336,6.92793,-0.011153232
0.48,-4.375,0.46042,1.06668,0.38684,0.10435,6.8512,-0.011746058
0.48,-3.75,0.46854,1.06253,0.394,0.10532,6.75789,-0.012365354
0.48,-3.125,0.47676,1.05882,0.40126,0.10633,6.68329,-0.013006706
0.48,-2.5,0.48506,1.05506,0.40859,0.10727,6.60919,-0.013663499
0.48,-1.875,0.49341,1.05227,0.41598,0.10825,6.56931,-0.014333525
0.48,-1.25,0.5018,1.04893,0.42341,0.10917,6.51245,-0.015012375
0.48,-0.625,0.5102,1.04659,0.43086,0.11008,6.48864,-0.015695636
0.48,0,0.51861,1.04389,0.43832,0.11098,6.45312,-0.016391103
0.48,5,0.58458,1.03203,0.49691,0.11745,6.44664,-0.021934414
0.48,10,0.64663,1.02595,0.55205,0.12282,6.61193,-0.027186753
0.48,15,0.70445,1.02314,0.60338,0.12732,6.83565,-0.032018711
0.48,20,0.75848,1.02098,0.6513,0.13116,7.05515,-0.03648852
0.5,-20,0.319369381,1.151647328,0.263842591,0.058239556,10.36146944,-0.003770479
0.5,-17.5,0.33472,1.1443,0.27687,0.06813,9.80528,-0.004375113
0.5,-15,0.35228,1.13442,0.29183,0.08299,9.19633,-0.005142801
0.5,-13.75,0.36202,1.12861,0.30016,0.09402,8.88059,-0.005603688
0.5,-12.5,0.37248,1.12214,0.30913,0.09377,8.56037,-0.006135382
0.5,-11.25,0.38371,1.11547,0.31879,0.09471,8.26707,-0.006729675
0.5,-10,0.39576,1.10775,0.3292,0.09603,7.95305,-0.007426012
0.5,-9.375,0.4021,1.10404,0.33469,0.09687,7.81905,-0.007809861
0.5,-8.75,0.40866,1.09896,0.34037,0.09777,7.62765,-0.008216412
0.5,-8.125,0.41542,1.09511,0.34625,0.09867,7.50494,-0.008647912
0.5,-7.5,0.4224,1.09054,0.35231,0.09958,7.35823,-0.009099866
0.5,-6.875,0.42957,1.08589,0.35857,0.10054,7.21706,-0.009587779
0.5,-6.25,0.43693,1.08183,0.365,0.10155,7.10715,-0.010101878
0.5,-5.625,0.44446,1.0777,0.37159,0.10253,7.00112,-0.010642947
0.5,-5,0.45215,1.0735,0.37833,0.10347,6.89768,-0.011207727
0.5,-4.375,0.45998,1.06939,0.3852,0.1045,6.80251,-0.011791724
0.5,-3.75,0.46792,1.06574,0.39218,0.10547,6.72621,-0.012400444
0.5,-3.125,0.47596,1.06202,0.39925,0.1064,6.65086,-0.01301939
0.5,-2.5,0.48407,1.05877,0.4064,0.10738,6.59457,-0.013666316
0.5,-1.875,0.49223,1.05547,0.41359,0.10828,6.53738,-0.014322231
0.5,-1.25,0.50042,1.05318,0.42083,0.10921,6.51371,-0.014989384
0.5,-0.625,0.50863,1.05035,0.42808,0.1101,6.47249,-0.015658785
0.5,0,0.516843024,1.046896884,0.435335333,0.110989996,6.4190352,-0.016331692
0.5,5,0.58131,1.03515,0.4924,0.11732,6.40652,-0.021754375
0.5,10,0.64204,1.02931,0.54618,0.1226,6.57248,-0.026891154
0.5,15,0.6987,1.0267,0.59631,0.12705,6.79557,-0.031627614
0.5,20,0.75171051,1.024037963,0.643173472,0.130867545,7.007271216,-0.036012901
